service_type,municipality_code,municipality_name,e2sfca_score,routing_ready_origins,routing_ready_female_population,configuration
creas,1500107,Abaetetuba,2.0815340865709034e-05,189,61390.0,reference_step_120
creas,1500131,Abel Figueiredo,4.199729160657377e-05,11,2904.0,reference_step_120
creas,1500206,Acará,1.9056031676781432e-05,128,21279.0,reference_step_120
creas,1500347,Água Azul do Norte,5.342895242140356e-05,38,7078.0,reference_step_120
creas,1500404,Alenquer,3.937478924914908e-05,64,24692.0,reference_step_120
creas,1500503,Almeirim,7.810669374365382e-05,44,12803.0,reference_step_120
creas,1500602,Altamira,4.6862663185137184e-05,254,57798.0,reference_step_120
creas,1500701,Anajás,0.00016339869281045748,11,6120.0,reference_step_120
creas,1500800,Ananindeua,2.5819687673042643e-05,637,216395.0,reference_step_120
creas,1500859,Anapu,5.920091432678823e-05,42,11682.0,reference_step_120
creas,1500909,Augusto Corrêa,3.793690274816092e-05,85,19652.0,reference_step_120
creas,1500958,Aurora do Pará,4.354423425936943e-05,40,9167.0,reference_step_120
creas,1501006,Aveiro,0.00022340280370565906,24,4724.0,reference_step_120
creas,1501105,Bagre,2.3494042015517753e-06,18,6788.0,reference_step_120
creas,1501204,Baião,2.1932629028094165e-05,61,20104.0,reference_step_120
creas,1501253,Bannach,4.344715083692076e-05,11,1582.0,reference_step_120
creas,1501303,Barcarena,1.3296545835199218e-05,238,57552.0,reference_step_120
creas,1501402,Belém,2.3193977768577224e-05,1874,637628.0,reference_step_120
creas,1501451,Belterra,2.248552968789985e-05,43,7617.0,reference_step_120
creas,1501501,Benevides,3.1640455512565854e-05,181,30532.0,reference_step_120
creas,1501576,Bom Jesus do Tocantins,4.5505440840769785e-05,35,7433.0,reference_step_120
creas,1501600,Bonito,6.196703047427385e-05,26,5332.0,reference_step_120
creas,1501709,Bragança,4.088215510354978e-05,195,55750.0,reference_step_120
creas,1501725,Brasil Novo,7.027336106698121e-05,37,8590.0,reference_step_120
creas,1501758,Brejo Grande do Araguaia,3.3266369971082466e-05,17,2980.0,reference_step_120
creas,1501782,Breu Branco,3.096273775345501e-05,79,20704.0,reference_step_120
creas,1501808,Breves,3.461764807698965e-05,64,28887.0,reference_step_120
creas,1501907,Bujaru,2.8171308314038842e-05,39,7707.0,reference_step_120
creas,1501956,Cachoeira do Piriá,4.419269785836176e-05,46,8304.0,reference_step_120
creas,1502004,Cachoeira do Arari,0.00013264358668258389,26,7539.0,reference_step_120
creas,1502103,Cametá,4.2246484566005046e-05,139,42529.0,reference_step_120
creas,1502152,Canaã dos Carajás,3.363108253496799e-05,108,36539.0,reference_step_120
creas,1502202,Capanema,5.3964333396855323e-05,118,35064.0,reference_step_120
creas,1502301,Capitão Poço,5.441122477584188e-05,132,25741.0,reference_step_120
creas,1502400,Castanhal,5.389568345297933e-05,340,97495.0,reference_step_120
creas,1502509,Chaves,0.00043159257660768235,4,2317.0,reference_step_120
creas,1502608,Colares,1.4223462115627292e-05,33,6118.0,reference_step_120
creas,1502707,Conceição do Araguaia,3.183495784949987e-05,79,20299.0,reference_step_120
creas,1502756,Concórdia do Pará,3.269112121996385e-05,66,12238.0,reference_step_120
creas,1502764,Cumaru do Norte,2.567990635593142e-05,20,4478.0,reference_step_120
creas,1502772,Curionópolis,2.6872903411577906e-05,49,9754.0,reference_step_120
creas,1502806,Curralinho,0.00015179113539769278,12,6588.0,reference_step_120
creas,1502855,Curuá,5.9397867993690115e-05,27,4836.0,reference_step_120
creas,1502905,Curuçá,2.0621500368894537e-05,87,19885.0,reference_step_120
creas,1502939,Dom Eliseu,2.9280353587493013e-05,69,29239.0,reference_step_120
creas,1502954,Eldorado do Carajás,5.533851131091541e-05,55,12850.0,reference_step_120
creas,1503002,Faro,0.00015541611171565836,21,3965.0,reference_step_120
creas,1503044,Floresta do Araguaia,4.075191537320624e-05,31,7174.0,reference_step_120
creas,1503077,Garrafão do Norte,3.443659577847771e-05,52,10813.0,reference_step_120
creas,1503093,Goianésia do Pará,4.488543555491808e-05,50,11198.0,reference_step_120
creas,1503101,Gurupá,0.00015444015444015445,14,6475.0,reference_step_120
creas,1503200,Igarapé-Açu,5.837142457102482e-05,61,16638.0,reference_step_120
creas,1503309,Igarapé-Miri,2.9283075685271205e-05,52,16689.0,reference_step_120
creas,1503408,Inhangapi,4.1308540614279524e-05,27,4748.0,reference_step_120
creas,1503457,Ipixuna do Pará,4.03877843449695e-05,63,11531.0,reference_step_120
creas,1503507,Irituia,6.234801732051081e-05,80,12734.0,reference_step_120
creas,1503606,Itaituba,2.199163029724185e-05,202,58684.0,reference_step_120
creas,1503705,Itupiranga,3.006854628264623e-05,94,19975.0,reference_step_120
creas,1503754,Jacareacanga,0.00018198362147406729,23,5495.0,reference_step_120
creas,1503804,Jacundá,2.9400534169961945e-05,86,18315.0,reference_step_120
creas,1503903,Juruti,4.254666147846263e-05,50,17868.0,reference_step_120
creas,1504000,Limoeiro do Ajuru,4.6785762449628546e-05,11,4370.0,reference_step_120
creas,1504059,Mãe do Rio,5.0841714705205815e-05,46,17225.0,reference_step_120
creas,1504109,Magalhães Barata,2.9621684278106027e-05,20,3887.0,reference_step_120
creas,1504208,Marabá,5.149431474256331e-05,474,127275.0,reference_step_120
creas,1504307,Maracanã,3.2729299337691886e-05,81,12462.0,reference_step_120
creas,1504406,Marapanim,2.103164329916827e-05,77,12496.0,reference_step_120
creas,1504422,Marituba,2.8950646168518387e-05,218,53590.0,reference_step_120
creas,1504455,Medicilândia,7.443636515187524e-05,33,7996.0,reference_step_120
creas,1504505,Melgaço,0.00020255215718047398,9,4937.0,reference_step_120
creas,1504604,Mocajuba,2.236730942419949e-05,36,11153.0,reference_step_120
creas,1504703,Moju,2.380751869480452e-05,134,28780.0,reference_step_120
creas,1504752,Mojuí dos Campos,1.8236802698116986e-05,37,9118.0,reference_step_120
creas,1504802,Monte Alegre,6.654810475586503e-05,95,25730.0,reference_step_120
creas,1504901,Muaná,9.607070804111827e-05,25,10409.0,reference_step_120
creas,1504950,Nova Esperança do Piriá,2.997727982816258e-05,32,8302.0,reference_step_120
creas,1504976,Nova Ipixuna,4.758994543242609e-05,25,5349.0,reference_step_120
creas,1505007,Nova Timboteua,5.942507195539448e-05,31,5955.0,reference_step_120
creas,1505031,Novo Progresso,4.1095521338465784e-05,57,15730.0,reference_step_120
creas,1505064,Novo Repartimento,4.450937809686415e-05,93,21996.0,reference_step_120
creas,1505106,Óbidos,8.189166187014421e-05,74,18742.0,reference_step_120
creas,1505205,Oeiras do Pará,0.00010363662161544028,50,10899.0,reference_step_120
creas,1505304,Oriximiná,4.6790158939077764e-05,65,25385.0,reference_step_120
creas,1505403,Ourém,5.963000760721814e-05,47,8650.0,reference_step_120
creas,1505437,Ourilândia do Norte,5.987704225866269e-05,62,15106.0,reference_step_120
creas,1505486,Pacajá,6.399426411438909e-05,64,14166.0,reference_step_120
creas,1505494,Palestina do Pará,3.024862892126392e-05,13,2963.0,reference_step_120
creas,1505502,Paragominas,2.6950152183351364e-05,198,51977.0,reference_step_120
creas,1505536,Parauapebas,1.531525442084459e-05,444,132408.0,reference_step_120
creas,1505551,Pau D'Arco,6.950844733387018e-05,13,2610.0,reference_step_120
creas,1505601,Peixe-Boi,5.51473076720622e-05,22,4059.0,reference_step_120
creas,1505635,Piçarra,2.5076834529792735e-05,28,4910.0,reference_step_120
creas,1505650,Placas,6.910717713877748e-05,31,5696.0,reference_step_120
creas,1505700,Ponta de Pedras,0.00012434717731907486,25,8042.0,reference_step_120
creas,1505809,Portel,6.410667350471184e-05,29,15599.0,reference_step_120
creas,1505908,Porto de Moz,7.829547791997192e-09,24,10600.0,reference_step_120
creas,1506005,Prainha,2.8794886093811683e-05,49,12430.0,reference_step_120
creas,1506104,Primavera,4.6156364138430194e-05,21,5030.0,reference_step_120
creas,1506112,Quatipuru,3.665955695853737e-05,23,5675.0,reference_step_120
creas,1506138,Redenção,6.336885682463829e-05,162,42397.0,reference_step_120
creas,1506161,Rio Maria,4.450682824582153e-05,31,8402.0,reference_step_120
creas,1506187,Rondon do Pará,3.441408644393978e-05,62,22229.0,reference_step_120
creas,1506195,Rurópolis,6.072383496753088e-05,53,15024.0,reference_step_120
creas,1506203,Salinópolis,3.54336230903979e-05,73,21950.0,reference_step_120
creas,1506302,Salvaterra,9.16590284142988e-05,55,10910.0,reference_step_120
creas,1506351,Santa Bárbara do Pará,2.729729209802334e-05,44,10013.0,reference_step_120
creas,1506401,Santa Cruz do Arari,0.0,8,2852.0,reference_step_120
creas,1506500,Santa Izabel do Pará,4.25426716886486e-05,115,32345.0,reference_step_120
creas,1506559,Santa Luzia do Pará,4.902938044966853e-05,46,8898.0,reference_step_120
creas,1506583,Santa Maria das Barreiras,5.238586325095088e-05,38,6519.0,reference_step_120
creas,1506609,Santa Maria do Pará,6.339556489013707e-05,56,12204.0,reference_step_120
creas,1506708,Santana do Araguaia,5.040576641967841e-05,73,14754.0,reference_step_120
creas,1506807,Santarém,1.8921950034283888e-05,529,156731.0,reference_step_120
creas,1506906,Santarém Novo,4.739300062407083e-05,16,2457.0,reference_step_120
creas,1507003,Santo Antônio do Tauá,2.9644384174631102e-05,55,13411.0,reference_step_120
creas,1507102,São Caetano de Odivelas,1.7266665329651738e-05,42,7848.0,reference_step_120
creas,1507151,São Domingos do Araguaia,4.8940113976549785e-05,33,9615.0,reference_step_120
creas,1507201,São Domingos do Capim,3.404136970900555e-05,44,10381.0,reference_step_120
creas,1507300,São Félix do Xingu,3.2866051179548115e-05,128,25504.0,reference_step_120
creas,1507409,São Francisco do Pará,5.008436108426829e-05,27,6944.0,reference_step_120
creas,1507458,São Geraldo do Araguaia,2.705321381961065e-05,47,10931.0,reference_step_120
creas,1507466,São João da Ponta,2.004955880999729e-05,18,2001.0,reference_step_120
creas,1507474,São João de Pirabas,4.1435955906231136e-05,36,8770.0,reference_step_120
creas,1507508,São João do Araguaia,4.862539682996547e-05,33,5932.0,reference_step_120
creas,1507607,São Miguel do Guamá,6.75998075969579e-05,100,25115.0,reference_step_120
creas,1507706,São Sebastião da Boa Vista,0.00017995321216483713,16,5557.0,reference_step_120
creas,1507755,Sapucaia,4.9393503959154735e-05,11,2879.0,reference_step_120
creas,1507805,Senador José Porfírio,2.4169987937695147e-06,31,6913.0,reference_step_120
creas,1507904,Soure,8.28363154406892e-05,32,12072.0,reference_step_120
creas,1507953,Tailândia,3.76063307767468e-05,123,33966.0,reference_step_120
creas,1507961,Terra Alta,3.324928272947222e-05,23,4958.0,reference_step_120
creas,1507979,Terra Santa,0.00015804690509171207,25,8173.0,reference_step_120
creas,1508001,Tomé-Açu,1.8007983628796312e-05,117,30224.0,reference_step_120
creas,1508035,Tracuateua,4.373313336922769e-05,41,9773.0,reference_step_120
creas,1508050,Trairão,0.0,31,6744.0,reference_step_120
creas,1508084,Tucumã,5.8834235016438594e-05,69,18469.0,reference_step_120
creas,1508100,Tucuruí,2.601171112407765e-05,158,44448.0,reference_step_120
creas,1508126,Ulianópolis,3.548572753512035e-05,50,17003.0,reference_step_120
creas,1508159,Uruará,9.502661736274995e-05,64,15110.0,reference_step_120
creas,1508209,Vigia,2.0758642791055836e-05,100,24110.0,reference_step_120
creas,1508308,Viseu,2.808287456473976e-05,113,24311.0,reference_step_120
creas,1508357,Vitória do Xingu,5.012111550730858e-05,36,6678.0,reference_step_120
creas,1508407,Xinguara,6.424110744377238e-05,92,25086.0,reference_step_120
health,1500107,Abaetetuba,6.235858237871537e-06,189,61390.0,reference_step_120
health,1500131,Abel Figueiredo,4.22904508162057e-06,11,2904.0,reference_step_120
health,1500206,Acará,7.876257934320748e-06,128,21279.0,reference_step_120
health,1500347,Água Azul do Norte,1.8884381221529117e-05,38,7078.0,reference_step_120
health,1500404,Alenquer,0.0,64,24692.0,reference_step_120
health,1500503,Almeirim,0.0,44,12803.0,reference_step_120
health,1500602,Altamira,3.531640751429989e-05,254,57798.0,reference_step_120
health,1500701,Anajás,0.0,11,6120.0,reference_step_120
health,1500800,Ananindeua,1.1847583207981576e-05,637,216395.0,reference_step_120
health,1500859,Anapu,2.2647943524624897e-05,42,11682.0,reference_step_120
health,1500909,Augusto Corrêa,1.9514808440162928e-05,85,19652.0,reference_step_120
health,1500958,Aurora do Pará,2.1641969843319344e-05,40,9167.0,reference_step_120
health,1501006,Aveiro,0.00011081556155517748,24,4724.0,reference_step_120
health,1501105,Bagre,0.0,18,6788.0,reference_step_120
health,1501204,Baião,9.641912812128772e-06,61,20104.0,reference_step_120
health,1501253,Bannach,1.3056816901544161e-05,11,1582.0,reference_step_120
health,1501303,Barcarena,5.747098064949127e-06,238,57552.0,reference_step_120
health,1501402,Belém,9.99333640997355e-06,1874,637628.0,reference_step_120
health,1501451,Belterra,4.41333900025682e-05,43,7617.0,reference_step_120
health,1501501,Benevides,1.1934800238080836e-05,181,30532.0,reference_step_120
health,1501576,Bom Jesus do Tocantins,4.229045081620569e-06,35,7433.0,reference_step_120
health,1501600,Bonito,2.7054324020371222e-05,26,5332.0,reference_step_120
health,1501709,Bragança,1.6680822571802146e-05,195,55750.0,reference_step_120
health,1501725,Brasil Novo,4.074592186561891e-05,37,8590.0,reference_step_120
health,1501758,Brejo Grande do Araguaia,3.2171963758502796e-06,17,2980.0,reference_step_120
health,1501782,Breu Branco,9.506900292136831e-07,79,20704.0,reference_step_120
health,1501808,Breves,3.461764807698965e-05,64,28887.0,reference_step_120
health,1501907,Bujaru,2.118815368678894e-05,39,7707.0,reference_step_120
health,1501956,Cachoeira do Piriá,1.7606001528840955e-05,46,8304.0,reference_step_120
health,1502004,Cachoeira do Arari,0.0,26,7539.0,reference_step_120
health,1502103,Cametá,2.994355103979736e-06,139,42529.0,reference_step_120
health,1502152,Canaã dos Carajás,8.913901524909645e-06,108,36539.0,reference_step_120
health,1502202,Capanema,2.4062548430426802e-05,118,35064.0,reference_step_120
health,1502301,Capitão Poço,2.4476043409543945e-05,132,25741.0,reference_step_120
health,1502400,Castanhal,2.789361638209211e-05,340,97495.0,reference_step_120
health,1502509,Chaves,0.0,4,2317.0,reference_step_120
health,1502608,Colares,3.5152244985110175e-06,33,6118.0,reference_step_120
health,1502707,Conceição do Araguaia,8.54526346003566e-06,79,20299.0,reference_step_120
health,1502756,Concórdia do Pará,2.2528876001552416e-05,66,12238.0,reference_step_120
health,1502764,Cumaru do Norte,8.096863019119469e-06,20,4478.0,reference_step_120
health,1502772,Curionópolis,7.783919294110262e-06,49,9754.0,reference_step_120
health,1502806,Curralinho,0.0,12,6588.0,reference_step_120
health,1502855,Curuá,0.0,27,4836.0,reference_step_120
health,1502905,Curuçá,8.026798335722742e-06,87,19885.0,reference_step_120
health,1502939,Dom Eliseu,0.0,69,29239.0,reference_step_120
health,1502954,Eldorado do Carajás,1.2566605088297994e-05,55,12850.0,reference_step_120
health,1503002,Faro,0.0,21,3965.0,reference_step_120
health,1503044,Floresta do Araguaia,1.2438765553722656e-05,31,7174.0,reference_step_120
health,1503077,Garrafão do Norte,2.3620607241237824e-05,52,10813.0,reference_step_120
health,1503093,Goianésia do Pará,4.060608386996283e-06,50,11198.0,reference_step_120
health,1503101,Gurupá,0.0,14,6475.0,reference_step_120
health,1503200,Igarapé-Açu,2.793022430378103e-05,61,16638.0,reference_step_120
health,1503309,Igarapé-Miri,1.653287315474641e-05,52,16689.0,reference_step_120
health,1503408,Inhangapi,1.987177841319738e-05,27,4748.0,reference_step_120
health,1503457,Ipixuna do Pará,1.7976911010265237e-05,63,11531.0,reference_step_120
health,1503507,Irituia,2.4803337852970728e-05,80,12734.0,reference_step_120
health,1503606,Itaituba,0.00033470865028649606,202,58684.0,reference_step_120
health,1503705,Itupiranga,3.089096995313707e-06,94,19975.0,reference_step_120
health,1503754,Jacareacanga,0.0,23,5495.0,reference_step_120
health,1503804,Jacundá,4.142455296984605e-06,86,18315.0,reference_step_120
health,1503903,Juruti,8.509332295692526e-05,50,17868.0,reference_step_120
health,1504000,Limoeiro do Ajuru,0.0,11,4370.0,reference_step_120
health,1504059,Mãe do Rio,2.241850241683033e-05,46,17225.0,reference_step_120
health,1504109,Magalhães Barata,7.689778405266363e-06,20,3887.0,reference_step_120
health,1504208,Marabá,6.550981362753977e-06,474,127275.0,reference_step_120
health,1504307,Maracanã,8.984003783924787e-06,81,12462.0,reference_step_120
health,1504406,Marapanim,5.227714016078614e-06,77,12496.0,reference_step_120
health,1504422,Marituba,1.2301801430552972e-05,218,53590.0,reference_step_120
health,1504455,Medicilândia,3.772865839137005e-05,33,7996.0,reference_step_120
health,1504505,Melgaço,0.0,9,4937.0,reference_step_120
health,1504604,Mocajuba,1.2503364316562734e-05,36,11153.0,reference_step_120
health,1504703,Moju,5.822307215017634e-06,134,28780.0,reference_step_120
health,1504752,Mojuí dos Campos,3.0553437057129336e-05,37,9118.0,reference_step_120
health,1504802,Monte Alegre,0.0,95,25730.0,reference_step_120
health,1504901,Muaná,0.0,25,10409.0,reference_step_120
health,1504950,Nova Esperança do Piriá,1.987287350166328e-05,32,8302.0,reference_step_120
health,1504976,Nova Ipixuna,4.22904508162057e-06,25,5349.0,reference_step_120
health,1505007,Nova Timboteua,2.740280066180079e-05,31,5955.0,reference_step_120
health,1505031,Novo Progresso,0.0,57,15730.0,reference_step_120
health,1505064,Novo Repartimento,1.8562566526474414e-05,93,21996.0,reference_step_120
health,1505106,Óbidos,0.0,74,18742.0,reference_step_120
health,1505205,Oeiras do Pará,0.0,50,10899.0,reference_step_120
health,1505304,Oriximiná,0.0,65,25385.0,reference_step_120
health,1505403,Ourém,2.466734841932367e-05,47,8650.0,reference_step_120
health,1505437,Ourilândia do Norte,1.7967622607582314e-05,62,15106.0,reference_step_120
health,1505486,Pacajá,2.2770744147918755e-05,64,14166.0,reference_step_120
health,1505494,Palestina do Pará,3.335564750505324e-06,13,2963.0,reference_step_120
health,1505502,Paragominas,1.489183719824969e-05,198,51977.0,reference_step_120
health,1505536,Parauapebas,3.5433919542152896e-06,444,132408.0,reference_step_120
health,1505551,Pau D'Arco,1.427814490712812e-05,13,2610.0,reference_step_120
health,1505601,Peixe-Boi,2.411871343667651e-05,22,4059.0,reference_step_120
health,1505635,Piçarra,2.531644769107268e-06,28,4910.0,reference_step_120
health,1505650,Placas,7.003579995018403e-05,31,5696.0,reference_step_120
health,1505700,Ponta de Pedras,0.0,25,8042.0,reference_step_120
health,1505809,Portel,0.0,29,15599.0,reference_step_120
health,1505908,Porto de Moz,9.435129812915556e-05,24,10600.0,reference_step_120
health,1506005,Prainha,3.30447976771496e-07,49,12430.0,reference_step_120
health,1506104,Primavera,9.969909037248864e-06,21,5030.0,reference_step_120
health,1506112,Quatipuru,9.41236397994551e-06,23,5675.0,reference_step_120
health,1506138,Redenção,1.4124356251308593e-05,162,42397.0,reference_step_120
health,1506161,Rio Maria,1.364408806673061e-05,31,8402.0,reference_step_120
health,1506187,Rondon do Pará,4.040698568920748e-06,62,22229.0,reference_step_120
health,1506195,Rurópolis,0.00017122973723204574,53,15024.0,reference_step_120
health,1506203,Salinópolis,9.395394183008284e-06,73,21950.0,reference_step_120
health,1506302,Salvaterra,0.0,55,10910.0,reference_step_120
health,1506351,Santa Bárbara do Pará,1.0806570961880825e-05,44,10013.0,reference_step_120
health,1506401,Santa Cruz do Arari,0.0,8,2852.0,reference_step_120
health,1506500,Santa Izabel do Pará,1.4332140202318472e-05,115,32345.0,reference_step_120
health,1506559,Santa Luzia do Pará,1.3907685114987983e-05,46,8898.0,reference_step_120
health,1506583,Santa Maria das Barreiras,4.665703105678468e-05,38,6519.0,reference_step_120
health,1506609,Santa Maria do Pará,2.7712110065131876e-05,56,12204.0,reference_step_120
health,1506708,Santana do Araguaia,5.040576641967841e-05,73,14754.0,reference_step_120
health,1506807,Santarém,1.5394695193828057e-05,529,156731.0,reference_step_120
health,1506906,Santarém Novo,1.2844014626926045e-05,16,2457.0,reference_step_120
health,1507003,Santo Antônio do Tauá,1.1618246969912189e-05,55,13411.0,reference_step_120
health,1507102,São Caetano de Odivelas,4.40187654769731e-06,42,7848.0,reference_step_120
health,1507151,São Domingos do Araguaia,4.264835892754648e-06,33,9615.0,reference_step_120
health,1507201,São Domingos do Capim,2.2067333263288125e-05,44,10381.0,reference_step_120
health,1507300,São Félix do Xingu,7.92883941866893e-06,128,25504.0,reference_step_120
health,1507409,São Francisco do Pará,2.5211146454584123e-05,27,6944.0,reference_step_120
health,1507458,São Geraldo do Araguaia,3.165447330932771e-07,47,10931.0,reference_step_120
health,1507466,São João da Ponta,7.722576218974936e-06,18,2001.0,reference_step_120
health,1507474,São João de Pirabas,9.736056015570225e-06,36,8770.0,reference_step_120
health,1507508,São João do Araguaia,4.22904508162057e-06,33,5932.0,reference_step_120
health,1507607,São Miguel do Guamá,2.757043416022442e-05,100,25115.0,reference_step_120
health,1507706,São Sebastião da Boa Vista,0.0,16,5557.0,reference_step_120
health,1507755,Sapucaia,1.6099949719882845e-05,11,2879.0,reference_step_120
health,1507805,Senador José Porfírio,0.0,31,6913.0,reference_step_120
health,1507904,Soure,0.0,32,12072.0,reference_step_120
health,1507953,Tailândia,1.065014092532202e-05,123,33966.0,reference_step_120
health,1507961,Terra Alta,1.005039312988967e-05,23,4958.0,reference_step_120
health,1507979,Terra Santa,0.0,25,8173.0,reference_step_120
health,1508001,Tomé-Açu,1.4505538730857855e-05,117,30224.0,reference_step_120
health,1508035,Tracuateua,1.134026059733717e-05,41,9773.0,reference_step_120
health,1508050,Trairão,0.00010129136430531622,31,6744.0,reference_step_120
health,1508084,Tucumã,1.6541758390788123e-05,69,18469.0,reference_step_120
health,1508100,Tucuruí,1.0246015185348613e-07,158,44448.0,reference_step_120
health,1508126,Ulianópolis,0.0,50,17003.0,reference_step_120
health,1508159,Uruará,4.3628574376099996e-05,64,15110.0,reference_step_120
health,1508209,Vigia,7.625515893984084e-06,100,24110.0,reference_step_120
health,1508308,Viseu,1.5200352036139975e-05,113,24311.0,reference_step_120
health,1508357,Vitória do Xingu,4.125338968293261e-05,36,6678.0,reference_step_120
health,1508407,Xinguara,2.4490579856666885e-05,92,25086.0,reference_step_120
specialized_justice,1500107,Abaetetuba,2.609352503697559e-06,189,61390.0,reference_step_120
specialized_justice,1500131,Abel Figueiredo,2.7304276122683573e-06,11,2904.0,reference_step_120
specialized_justice,1500206,Acará,2.3270789679338955e-06,128,21279.0,reference_step_120
specialized_justice,1500347,Água Azul do Norte,0.0,38,7078.0,reference_step_120
specialized_justice,1500404,Alenquer,0.0,64,24692.0,reference_step_120
specialized_justice,1500503,Almeirim,0.0,44,12803.0,reference_step_120
specialized_justice,1500602,Altamira,0.0,254,57798.0,reference_step_120
specialized_justice,1500701,Anajás,0.0,11,6120.0,reference_step_120
specialized_justice,1500800,Ananindeua,2.706991154683958e-06,637,216395.0,reference_step_120
specialized_justice,1500859,Anapu,0.0,42,11682.0,reference_step_120
specialized_justice,1500909,Augusto Corrêa,0.0,85,19652.0,reference_step_120
specialized_justice,1500958,Aurora do Pará,5.983005593554555e-07,40,9167.0,reference_step_120
specialized_justice,1501006,Aveiro,0.0,24,4724.0,reference_step_120
specialized_justice,1501105,Bagre,0.0,18,6788.0,reference_step_120
specialized_justice,1501204,Baião,0.0,61,20104.0,reference_step_120
specialized_justice,1501253,Bannach,0.0,11,1582.0,reference_step_120
specialized_justice,1501303,Barcarena,2.6298057834573047e-06,238,57552.0,reference_step_120
specialized_justice,1501402,Belém,2.699880095909726e-06,1874,637628.0,reference_step_120
specialized_justice,1501451,Belterra,6.242353117431147e-06,43,7617.0,reference_step_120
specialized_justice,1501501,Benevides,2.7069911546839583e-06,181,30532.0,reference_step_120
specialized_justice,1501576,Bom Jesus do Tocantins,2.7304276122683573e-06,35,7433.0,reference_step_120
specialized_justice,1501600,Bonito,1.4617040278129016e-06,26,5332.0,reference_step_120
specialized_justice,1501709,Bragança,4.793234779936459e-07,195,55750.0,reference_step_120
specialized_justice,1501725,Brasil Novo,0.0,37,8590.0,reference_step_120
specialized_justice,1501758,Brejo Grande do Araguaia,2.7304276122683578e-06,17,2980.0,reference_step_120
specialized_justice,1501782,Breu Branco,0.0,79,20704.0,reference_step_120
specialized_justice,1501808,Breves,0.0,64,28887.0,reference_step_120
specialized_justice,1501907,Bujaru,2.6869705895072374e-06,39,7707.0,reference_step_120
specialized_justice,1501956,Cachoeira do Piriá,2.134150104809678e-07,46,8304.0,reference_step_120
specialized_justice,1502004,Cachoeira do Arari,0.0,26,7539.0,reference_step_120
specialized_justice,1502103,Cametá,0.0,139,42529.0,reference_step_120
specialized_justice,1502152,Canaã dos Carajás,0.0,108,36539.0,reference_step_120
specialized_justice,1502202,Capanema,1.222352036084217e-06,118,35064.0,reference_step_120
specialized_justice,1502301,Capitão Poço,5.528856941474857e-07,132,25741.0,reference_step_120
specialized_justice,1502400,Castanhal,2.706991154683958e-06,340,97495.0,reference_step_120
specialized_justice,1502509,Chaves,0.0,4,2317.0,reference_step_120
specialized_justice,1502608,Colares,2.7069911546839583e-06,33,6118.0,reference_step_120
specialized_justice,1502707,Conceição do Araguaia,0.0,79,20299.0,reference_step_120
specialized_justice,1502756,Concórdia do Pará,2.059634607635792e-06,66,12238.0,reference_step_120
specialized_justice,1502764,Cumaru do Norte,0.0,20,4478.0,reference_step_120
specialized_justice,1502772,Curionópolis,2.647848552844616e-06,49,9754.0,reference_step_120
specialized_justice,1502806,Curralinho,0.0,12,6588.0,reference_step_120
specialized_justice,1502855,Curuá,0.0,27,4836.0,reference_step_120
specialized_justice,1502905,Curuçá,2.526432620925114e-06,87,19885.0,reference_step_120
specialized_justice,1502939,Dom Eliseu,0.0,69,29239.0,reference_step_120
specialized_justice,1502954,Eldorado do Carajás,2.7304276122683578e-06,55,12850.0,reference_step_120
specialized_justice,1503002,Faro,0.0,21,3965.0,reference_step_120
specialized_justice,1503044,Floresta do Araguaia,0.0,31,7174.0,reference_step_120
specialized_justice,1503077,Garrafão do Norte,7.92397416435836e-09,52,10813.0,reference_step_120
specialized_justice,1503093,Goianésia do Pará,0.0,50,11198.0,reference_step_120
specialized_justice,1503101,Gurupá,0.0,14,6475.0,reference_step_120
specialized_justice,1503200,Igarapé-Açu,2.6559302957579413e-06,61,16638.0,reference_step_120
specialized_justice,1503309,Igarapé-Miri,1.7429073350082555e-06,52,16689.0,reference_step_120
specialized_justice,1503408,Inhangapi,2.706991154683958e-06,27,4748.0,reference_step_120
specialized_justice,1503457,Ipixuna do Pará,8.815118140842249e-08,63,11531.0,reference_step_120
specialized_justice,1503507,Irituia,9.71260757747662e-07,80,12734.0,reference_step_120
specialized_justice,1503606,Itaituba,0.0,202,58684.0,reference_step_120
specialized_justice,1503705,Itupiranga,2.1593274088111756e-06,94,19975.0,reference_step_120
specialized_justice,1503754,Jacareacanga,0.0,23,5495.0,reference_step_120
specialized_justice,1503804,Jacundá,2.6444075886659085e-06,86,18315.0,reference_step_120
specialized_justice,1503903,Juruti,0.0,50,17868.0,reference_step_120
specialized_justice,1504000,Limoeiro do Ajuru,0.0,11,4370.0,reference_step_120
specialized_justice,1504059,Mãe do Rio,6.164167815770283e-07,46,17225.0,reference_step_120
specialized_justice,1504109,Magalhães Barata,1.0378592988790273e-06,20,3887.0,reference_step_120
specialized_justice,1504208,Marabá,2.6539262972783834e-06,474,127275.0,reference_step_120
specialized_justice,1504307,Maracanã,1.1244964922059764e-06,81,12462.0,reference_step_120
specialized_justice,1504406,Marapanim,1.6395106819347187e-06,77,12496.0,reference_step_120
specialized_justice,1504422,Marituba,2.706991154683958e-06,218,53590.0,reference_step_120
specialized_justice,1504455,Medicilândia,0.0,33,7996.0,reference_step_120
specialized_justice,1504505,Melgaço,0.0,9,4937.0,reference_step_120
specialized_justice,1504604,Mocajuba,0.0,36,11153.0,reference_step_120
specialized_justice,1504703,Moju,1.627838998582218e-06,134,28780.0,reference_step_120
specialized_justice,1504752,Mojuí dos Campos,6.084206202523647e-06,37,9118.0,reference_step_120
specialized_justice,1504802,Monte Alegre,0.0,95,25730.0,reference_step_120
specialized_justice,1504901,Muaná,0.0,25,10409.0,reference_step_120
specialized_justice,1504950,Nova Esperança do Piriá,0.0,32,8302.0,reference_step_120
specialized_justice,1504976,Nova Ipixuna,2.7304276122683573e-06,25,5349.0,reference_step_120
specialized_justice,1505007,Nova Timboteua,2.2701642990391974e-06,31,5955.0,reference_step_120
specialized_justice,1505031,Novo Progresso,0.0,57,15730.0,reference_step_120
specialized_justice,1505064,Novo Repartimento,8.68930409432556e-08,93,21996.0,reference_step_120
specialized_justice,1505106,Óbidos,0.0,74,18742.0,reference_step_120
specialized_justice,1505205,Oeiras do Pará,0.0,50,10899.0,reference_step_120
specialized_justice,1505304,Oriximiná,0.0,65,25385.0,reference_step_120
specialized_justice,1505403,Ourém,7.144257782009734e-07,47,8650.0,reference_step_120
specialized_justice,1505437,Ourilândia do Norte,0.0,62,15106.0,reference_step_120
specialized_justice,1505486,Pacajá,0.0,64,14166.0,reference_step_120
specialized_justice,1505494,Palestina do Pará,2.534146450805934e-06,13,2963.0,reference_step_120
specialized_justice,1505502,Paragominas,0.0,198,51977.0,reference_step_120
specialized_justice,1505536,Parauapebas,2.457566318649128e-06,444,132408.0,reference_step_120
specialized_justice,1505551,Pau D'Arco,0.0,13,2610.0,reference_step_120
specialized_justice,1505601,Peixe-Boi,1.3900718629443073e-06,22,4059.0,reference_step_120
specialized_justice,1505635,Piçarra,6.244949508304206e-07,28,4910.0,reference_step_120
specialized_justice,1505650,Placas,2.6302049652097528e-08,31,5696.0,reference_step_120
specialized_justice,1505700,Ponta de Pedras,0.0,25,8042.0,reference_step_120
specialized_justice,1505809,Portel,0.0,29,15599.0,reference_step_120
specialized_justice,1505908,Porto de Moz,0.0,24,10600.0,reference_step_120
specialized_justice,1506005,Prainha,1.65223988385748e-07,49,12430.0,reference_step_120
specialized_justice,1506104,Primavera,6.530453062619905e-07,21,5030.0,reference_step_120
specialized_justice,1506112,Quatipuru,6.164167815770284e-07,23,5675.0,reference_step_120
specialized_justice,1506138,Redenção,0.0,162,42397.0,reference_step_120
specialized_justice,1506161,Rio Maria,0.0,31,8402.0,reference_step_120
specialized_justice,1506187,Rondon do Pará,2.3595984718914546e-06,62,22229.0,reference_step_120
specialized_justice,1506195,Rurópolis,0.0,53,15024.0,reference_step_120
specialized_justice,1506203,Salinópolis,6.124851939040998e-07,73,21950.0,reference_step_120
specialized_justice,1506302,Salvaterra,0.0,55,10910.0,reference_step_120
specialized_justice,1506351,Santa Bárbara do Pará,2.706991154683958e-06,44,10013.0,reference_step_120
specialized_justice,1506401,Santa Cruz do Arari,0.0,8,2852.0,reference_step_120
specialized_justice,1506500,Santa Izabel do Pará,2.7069911546839575e-06,115,32345.0,reference_step_120
specialized_justice,1506559,Santa Luzia do Pará,6.689645373944025e-07,46,8898.0,reference_step_120
specialized_justice,1506583,Santa Maria das Barreiras,0.0,38,6519.0,reference_step_120
specialized_justice,1506609,Santa Maria do Pará,2.634015073899705e-06,56,12204.0,reference_step_120
specialized_justice,1506708,Santana do Araguaia,0.0,73,14754.0,reference_step_120
specialized_justice,1506807,Santarém,5.708970487647391e-06,529,156731.0,reference_step_120
specialized_justice,1506906,Santarém Novo,8.248027809397345e-07,16,2457.0,reference_step_120
specialized_justice,1507003,Santo Antônio do Tauá,2.706991154683957e-06,55,13411.0,reference_step_120
specialized_justice,1507102,São Caetano de Odivelas,2.629727390839768e-06,42,7848.0,reference_step_120
specialized_justice,1507151,São Domingos do Araguaia,2.7304276122683573e-06,33,9615.0,reference_step_120
specialized_justice,1507201,São Domingos do Capim,6.344938144983468e-07,44,10381.0,reference_step_120
specialized_justice,1507300,São Félix do Xingu,0.0,128,25504.0,reference_step_120
specialized_justice,1507409,São Francisco do Pará,2.5292279106551725e-06,27,6944.0,reference_step_120
specialized_justice,1507458,São Geraldo do Araguaia,2.038765910834721e-06,47,10931.0,reference_step_120
specialized_justice,1507466,São João da Ponta,2.4350745019645794e-06,18,2001.0,reference_step_120
specialized_justice,1507474,São João de Pirabas,6.164167815770285e-07,36,8770.0,reference_step_120
specialized_justice,1507508,São João do Araguaia,2.7304276122683578e-06,33,5932.0,reference_step_120
specialized_justice,1507607,São Miguel do Guamá,2.188563412750577e-06,100,25115.0,reference_step_120
specialized_justice,1507706,São Sebastião da Boa Vista,0.0,16,5557.0,reference_step_120
specialized_justice,1507755,Sapucaia,0.0,11,2879.0,reference_step_120
specialized_justice,1507805,Senador José Porfírio,0.0,31,6913.0,reference_step_120
specialized_justice,1507904,Soure,0.0,32,12072.0,reference_step_120
specialized_justice,1507953,Tailândia,0.0,123,33966.0,reference_step_120
specialized_justice,1507961,Terra Alta,2.706991154683958e-06,23,4958.0,reference_step_120
specialized_justice,1507979,Terra Santa,0.0,25,8173.0,reference_step_120
specialized_justice,1508001,Tomé-Açu,5.587877930394591e-09,117,30224.0,reference_step_120
specialized_justice,1508035,Tracuateua,6.139298734186522e-07,41,9773.0,reference_step_120
specialized_justice,1508050,Trairão,0.0,31,6744.0,reference_step_120
specialized_justice,1508084,Tucumã,0.0,69,18469.0,reference_step_120
specialized_justice,1508100,Tucuruí,0.0,158,44448.0,reference_step_120
specialized_justice,1508126,Ulianópolis,0.0,50,17003.0,reference_step_120
specialized_justice,1508159,Uruará,0.0,64,15110.0,reference_step_120
specialized_justice,1508209,Vigia,2.706991154683958e-06,100,24110.0,reference_step_120
specialized_justice,1508308,Viseu,5.273937335692563e-08,113,24311.0,reference_step_120
specialized_justice,1508357,Vitória do Xingu,0.0,36,6678.0,reference_step_120
specialized_justice,1508407,Xinguara,1.4759068174423554e-07,92,25086.0,reference_step_120
specialized_security,1500107,Abaetetuba,4.165374711316372e-06,189,61390.0,reference_step_120
specialized_security,1500131,Abel Figueiredo,2.861909981483442e-06,11,2904.0,reference_step_120
specialized_security,1500206,Acará,3.854201651586366e-06,128,21279.0,reference_step_120
specialized_security,1500347,Água Azul do Norte,5.363659708476068e-06,38,7078.0,reference_step_120
specialized_security,1500404,Alenquer,0.0,64,24692.0,reference_step_120
specialized_security,1500503,Almeirim,0.0,44,12803.0,reference_step_120
specialized_security,1500602,Altamira,1.1537067040950384e-05,254,57798.0,reference_step_120
specialized_security,1500701,Anajás,0.0,11,6120.0,reference_step_120
specialized_security,1500800,Ananindeua,5.050233767146899e-06,637,216395.0,reference_step_120
specialized_security,1500859,Anapu,0.0,42,11682.0,reference_step_120
specialized_security,1500909,Augusto Corrêa,3.3053240369145604e-06,85,19652.0,reference_step_120
specialized_security,1500958,Aurora do Pará,7.306279125793233e-06,40,9167.0,reference_step_120
specialized_security,1501006,Aveiro,2.550587054635275e-06,24,4724.0,reference_step_120
specialized_security,1501105,Bagre,2.3494042015517753e-06,18,6788.0,reference_step_120
specialized_security,1501204,Baião,4.4695086356367725e-06,61,20104.0,reference_step_120
specialized_security,1501253,Bannach,6.153310086682178e-06,11,1582.0,reference_step_120
specialized_security,1501303,Barcarena,4.141468254080687e-06,238,57552.0,reference_step_120
specialized_security,1501402,Belém,4.733970052299793e-06,1874,637628.0,reference_step_120
specialized_security,1501451,Belterra,6.242353117431147e-06,43,7617.0,reference_step_120
specialized_security,1501501,Benevides,5.050233767146898e-06,181,30532.0,reference_step_120
specialized_security,1501576,Bom Jesus do Tocantins,2.8619099814834425e-06,35,7433.0,reference_step_120
specialized_security,1501600,Bonito,5.425802472834642e-06,26,5332.0,reference_step_120
specialized_security,1501709,Bragança,3.732453210659853e-06,195,55750.0,reference_step_120
specialized_security,1501725,Brasil Novo,1.3476544075037396e-05,37,8590.0,reference_step_120
specialized_security,1501758,Brejo Grande do Araguaia,2.8619099814834425e-06,17,2980.0,reference_step_120
specialized_security,1501782,Breu Branco,1.0286372613561553e-05,79,20704.0,reference_step_120
specialized_security,1501808,Breves,3.461764807698965e-05,64,28887.0,reference_step_120
specialized_security,1501907,Bujaru,4.2314924798222695e-06,39,7707.0,reference_step_120
specialized_security,1501956,Cachoeira do Piriá,2.0988513655556917e-06,46,8304.0,reference_step_120
specialized_security,1502004,Cachoeira do Arari,0.0,26,7539.0,reference_step_120
specialized_security,1502103,Cametá,1.774481624799611e-05,139,42529.0,reference_step_120
specialized_security,1502152,Canaã dos Carajás,7.442970874321996e-06,108,36539.0,reference_step_120
specialized_security,1502202,Capanema,4.98763877598178e-06,118,35064.0,reference_step_120
specialized_security,1502301,Capitão Poço,4.0150037787067055e-06,132,25741.0,reference_step_120
specialized_security,1502400,Castanhal,6.869930825295556e-06,340,97495.0,reference_step_120
specialized_security,1502509,Chaves,0.0,4,2317.0,reference_step_120
specialized_security,1502608,Colares,2.6771954058893373e-06,33,6118.0,reference_step_120
specialized_security,1502707,Conceição do Araguaia,8.519705222536919e-06,79,20299.0,reference_step_120
specialized_security,1502756,Concórdia do Pará,6.8273798082652396e-06,66,12238.0,reference_step_120
specialized_security,1502764,Cumaru do Norte,6.5842440731413856e-06,20,4478.0,reference_step_120
specialized_security,1502772,Curionópolis,1.0218325243283641e-05,49,9754.0,reference_step_120
specialized_security,1502806,Curralinho,0.0,12,6588.0,reference_step_120
specialized_security,1502855,Curuá,0.0,27,4836.0,reference_step_120
specialized_security,1502905,Curuçá,3.2421950058504647e-06,87,19885.0,reference_step_120
specialized_security,1502939,Dom Eliseu,3.437634937913922e-07,69,29239.0,reference_step_120
specialized_security,1502954,Eldorado do Carajás,1.013110344856995e-05,55,12850.0,reference_step_120
specialized_security,1503002,Faro,0.0,21,3965.0,reference_step_120
specialized_security,1503044,Floresta do Araguaia,7.334697034434561e-06,31,7174.0,reference_step_120
specialized_security,1503077,Garrafão do Norte,1.176754696163418e-06,52,10813.0,reference_step_120
specialized_security,1503093,Goianésia do Pará,9.45748131809274e-06,50,11198.0,reference_step_120
specialized_security,1503101,Gurupá,0.0,14,6475.0,reference_step_120
specialized_security,1503200,Igarapé-Açu,5.947337598175848e-06,61,16638.0,reference_step_120
specialized_security,1503309,Igarapé-Miri,3.365365245588262e-06,52,16689.0,reference_step_120
specialized_security,1503408,Inhangapi,4.012623166883814e-06,27,4748.0,reference_step_120
specialized_security,1503457,Ipixuna do Pará,6.5619496873552695e-06,63,11531.0,reference_step_120
specialized_security,1503507,Irituia,7.117349315776065e-06,80,12734.0,reference_step_120
specialized_security,1503606,Itaituba,1.6835100312758212e-05,202,58684.0,reference_step_120
specialized_security,1503705,Itupiranga,2.2902355553470608e-06,94,19975.0,reference_step_120
specialized_security,1503754,Jacareacanga,0.0,23,5495.0,reference_step_120
specialized_security,1503804,Jacundá,2.7717477068825174e-06,86,18315.0,reference_step_120
specialized_security,1503903,Juruti,0.0,50,17868.0,reference_step_120
specialized_security,1504000,Limoeiro do Ajuru,2.1972035089632425e-05,11,4370.0,reference_step_120
specialized_security,1504059,Mãe do Rio,7.930497779478886e-06,46,17225.0,reference_step_120
specialized_security,1504109,Magalhães Barata,1.9248778403135463e-06,20,3887.0,reference_step_120
specialized_security,1504208,Marabá,5.650813080276938e-06,474,127275.0,reference_step_120
specialized_security,1504307,Maracanã,2.4453216970225535e-06,81,12462.0,reference_step_120
specialized_security,1504406,Marapanim,2.2603782791256574e-06,77,12496.0,reference_step_120
specialized_security,1504422,Marituba,5.050233767146899e-06,218,53590.0,reference_step_120
specialized_security,1504455,Medicilândia,1.3476544075037398e-05,33,7996.0,reference_step_120
specialized_security,1504505,Melgaço,0.0,9,4937.0,reference_step_120
specialized_security,1504604,Mocajuba,1.7293480877072841e-06,36,11153.0,reference_step_120
specialized_security,1504703,Moju,3.3179490428759022e-06,134,28780.0,reference_step_120
specialized_security,1504752,Mojuí dos Campos,6.084206202523647e-06,37,9118.0,reference_step_120
specialized_security,1504802,Monte Alegre,0.0,95,25730.0,reference_step_120
specialized_security,1504901,Muaná,0.0,25,10409.0,reference_step_120
specialized_security,1504950,Nova Esperança do Piriá,1.9135481463509418e-06,32,8302.0,reference_step_120
specialized_security,1504976,Nova Ipixuna,2.8619099814834425e-06,25,5349.0,reference_step_120
specialized_security,1505007,Nova Timboteua,5.622152168507792e-06,31,5955.0,reference_step_120
specialized_security,1505031,Novo Progresso,0.0,57,15730.0,reference_step_120
specialized_security,1505064,Novo Repartimento,7.803986202150805e-06,93,21996.0,reference_step_120
specialized_security,1505106,Óbidos,0.0,74,18742.0,reference_step_120
specialized_security,1505205,Oeiras do Pará,7.040442797870926e-06,50,10899.0,reference_step_120
specialized_security,1505304,Oriximiná,0.0,65,25385.0,reference_step_120
specialized_security,1505403,Ourém,4.019799595159271e-06,47,8650.0,reference_step_120
specialized_security,1505437,Ourilândia do Norte,1.7702695935191895e-05,62,15106.0,reference_step_120
specialized_security,1505486,Pacajá,9.64302049330068e-07,64,14166.0,reference_step_120
specialized_security,1505494,Palestina do Pará,2.6561769993518284e-06,13,2963.0,reference_step_120
specialized_security,1505502,Paragominas,6.491784309420813e-06,198,51977.0,reference_step_120
specialized_security,1505536,Parauapebas,9.733575888669273e-06,444,132408.0,reference_step_120
specialized_security,1505551,Pau D'Arco,8.769852754172259e-06,13,2610.0,reference_step_120
specialized_security,1505601,Peixe-Boi,5.105858753547444e-06,22,4059.0,reference_step_120
specialized_security,1505635,Piçarra,2.6720862173029507e-06,28,4910.0,reference_step_120
specialized_security,1505650,Placas,2.6302049652097528e-08,31,5696.0,reference_step_120
specialized_security,1505700,Ponta de Pedras,0.0,25,8042.0,reference_step_120
specialized_security,1505809,Portel,0.0,29,15599.0,reference_step_120
specialized_security,1505908,Porto de Moz,3.8141162476520934e-09,24,10600.0,reference_step_120
specialized_security,1506005,Prainha,1.65223988385748e-07,49,12430.0,reference_step_120
specialized_security,1506104,Primavera,3.958419123220287e-06,21,5030.0,reference_step_120
specialized_security,1506112,Quatipuru,3.921790598535327e-06,23,5675.0,reference_step_120
specialized_security,1506138,Redenção,8.696007023737568e-06,162,42397.0,reference_step_120
specialized_security,1506161,Rio Maria,1.1892155833046691e-05,31,8402.0,reference_step_120
specialized_security,1506187,Rondon do Pará,2.4732237502495358e-06,62,22229.0,reference_step_120
specialized_security,1506195,Rurópolis,0.0,53,15024.0,reference_step_120
specialized_security,1506203,Salinópolis,3.917858693358702e-06,73,21950.0,reference_step_120
specialized_security,1506302,Salvaterra,0.0,55,10910.0,reference_step_120
specialized_security,1506351,Santa Bárbara do Pará,5.050233767146898e-06,44,10013.0,reference_step_120
specialized_security,1506401,Santa Cruz do Arari,0.0,8,2852.0,reference_step_120
specialized_security,1506500,Santa Izabel do Pará,5.0219857990343914e-06,115,32345.0,reference_step_120
specialized_security,1506559,Santa Luzia do Pará,3.89933975531906e-06,46,8898.0,reference_step_120
specialized_security,1506583,Santa Maria das Barreiras,8.311113716103114e-06,38,6519.0,reference_step_120
specialized_security,1506609,Santa Maria do Pará,5.8212404443867815e-06,56,12204.0,reference_step_120
specialized_security,1506708,Santana do Araguaia,0.0,73,14754.0,reference_step_120
specialized_security,1506807,Santarém,5.708970487647391e-06,529,156731.0,reference_step_120
specialized_security,1506906,Santarém Novo,4.130176597898032e-06,16,2457.0,reference_step_120
specialized_security,1507003,Santo Antônio do Tauá,4.610150288725208e-06,55,13411.0,reference_step_120
specialized_security,1507102,São Caetano de Odivelas,2.735194004978302e-06,42,7848.0,reference_step_120
specialized_security,1507151,São Domingos do Araguaia,2.895334100573445e-06,33,9615.0,reference_step_120
specialized_security,1507201,São Domingos do Capim,3.462370694191104e-06,44,10381.0,reference_step_120
specialized_security,1507300,São Félix do Xingu,1.545125495006465e-05,128,25504.0,reference_step_120
specialized_security,1507409,São Francisco do Pará,5.589658142988434e-06,27,6944.0,reference_step_120
specialized_security,1507458,São Geraldo do Araguaia,1.3422179651352247e-06,47,10931.0,reference_step_120
specialized_security,1507466,São João da Ponta,3.086903212045957e-06,18,2001.0,reference_step_120
specialized_security,1507474,São João de Pirabas,3.921790598535326e-06,36,8770.0,reference_step_120
specialized_security,1507508,São João do Araguaia,2.8857474862410565e-06,33,5932.0,reference_step_120
specialized_security,1507607,São Miguel do Guamá,1.0375340837163587e-05,100,25115.0,reference_step_120
specialized_security,1507706,São Sebastião da Boa Vista,0.0,16,5557.0,reference_step_120
specialized_security,1507755,Sapucaia,1.4616894776670306e-05,11,2879.0,reference_step_120
specialized_security,1507805,Senador José Porfírio,0.0,31,6913.0,reference_step_120
specialized_security,1507904,Soure,8.28363154406892e-05,32,12072.0,reference_step_120
specialized_security,1507953,Tailândia,4.857965210057708e-07,123,33966.0,reference_step_120
specialized_security,1507961,Terra Alta,3.4644079257172528e-06,23,4958.0,reference_step_120
specialized_security,1507979,Terra Santa,0.0,25,8173.0,reference_step_120
specialized_security,1508001,Tomé-Açu,1.99013533247419e-07,117,30224.0,reference_step_120
specialized_security,1508035,Tracuateua,3.919300990753173e-06,41,9773.0,reference_step_120
specialized_security,1508050,Trairão,0.0,31,6744.0,reference_step_120
specialized_security,1508084,Tucumã,1.8328781685881335e-05,69,18469.0,reference_step_120
specialized_security,1508100,Tucuruí,1.0286372613561553e-05,158,44448.0,reference_step_120
specialized_security,1508126,Ulianópolis,6.275004720149372e-06,50,17003.0,reference_step_120
specialized_security,1508159,Uruará,1.2986001438288848e-06,64,15110.0,reference_step_120
specialized_security,1508209,Vigia,3.0105465697785424e-06,100,24110.0,reference_step_120
specialized_security,1508308,Viseu,2.797751749904637e-06,113,24311.0,reference_step_120
specialized_security,1508357,Vitória do Xingu,1.3476544075037398e-05,36,6678.0,reference_step_120
specialized_security,1508407,Xinguara,1.2405093826774697e-05,92,25086.0,reference_step_120
creas,1500107,Abaetetuba,3.077143003283301e-05,189,61390.0,step_240
creas,1500131,Abel Figueiredo,3.4213692253812466e-05,11,2904.0,step_240
creas,1500206,Acará,3.1702001195473065e-05,128,21279.0,step_240
creas,1500347,Água Azul do Norte,4.632956135918473e-05,38,7078.0,step_240
creas,1500404,Alenquer,7.833931165127543e-05,64,24692.0,step_240
creas,1500503,Almeirim,7.810669374365383e-05,44,12803.0,step_240
creas,1500602,Altamira,4.4935000382090195e-05,254,57798.0,step_240
creas,1500701,Anajás,0.00016339869281045748,11,6120.0,step_240
creas,1500800,Ananindeua,3.143540379139945e-05,637,216395.0,step_240
creas,1500859,Anapu,1.6477430948736703e-05,42,11682.0,step_240
creas,1500909,Augusto Corrêa,2.7619811585915308e-05,85,19652.0,step_240
creas,1500958,Aurora do Pará,3.518533521958041e-05,40,9167.0,step_240
creas,1501006,Aveiro,0.00022096589644285462,24,4724.0,step_240
creas,1501105,Bagre,3.899815309522976e-06,18,6788.0,step_240
creas,1501204,Baião,2.3304395790727347e-05,61,20104.0,step_240
creas,1501253,Bannach,4.4594007098744675e-05,11,1582.0,step_240
creas,1501303,Barcarena,3.056799734560641e-05,238,57552.0,step_240
creas,1501402,Belém,3.131637565590717e-05,1874,637628.0,step_240
creas,1501451,Belterra,2.6650520782511984e-05,43,7617.0,step_240
creas,1501501,Benevides,3.158148395029059e-05,181,30532.0,step_240
creas,1501576,Bom Jesus do Tocantins,3.7633704274205385e-05,35,7433.0,step_240
creas,1501600,Bonito,3.294841132448214e-05,26,5332.0,step_240
creas,1501709,Bragança,2.9802728603075202e-05,195,55750.0,step_240
creas,1501725,Brasil Novo,5.206872752324864e-05,37,8590.0,step_240
creas,1501758,Brejo Grande do Araguaia,2.9484652519178706e-05,17,2980.0,step_240
creas,1501782,Breu Branco,3.8773267991747605e-05,79,20704.0,step_240
creas,1501808,Breves,3.461764807698965e-05,64,28887.0,step_240
creas,1501907,Bujaru,3.287783691789822e-05,39,7707.0,step_240
creas,1501956,Cachoeira do Piriá,2.8235456069597977e-05,46,8304.0,step_240
creas,1502004,Cachoeira do Arari,0.00013264358668258389,26,7539.0,step_240
creas,1502103,Cametá,3.055922963836889e-05,139,42529.0,step_240
creas,1502152,Canaã dos Carajás,5.3831786075462514e-05,108,36539.0,step_240
creas,1502202,Capanema,3.259068312742746e-05,118,35064.0,step_240
creas,1502301,Capitão Poço,3.325047876332603e-05,132,25741.0,step_240
creas,1502400,Castanhal,3.413767025975666e-05,340,97495.0,step_240
creas,1502509,Chaves,0.00043159257660768235,4,2317.0,step_240
creas,1502608,Colares,2.8323543272853973e-05,33,6118.0,step_240
creas,1502707,Conceição do Araguaia,2.972492635835403e-05,79,20299.0,step_240
creas,1502756,Concórdia do Pará,3.443464561109239e-05,66,12238.0,step_240
creas,1502764,Cumaru do Norte,3.097412914345405e-05,20,4478.0,step_240
creas,1502772,Curionópolis,4.204094532207086e-05,49,9754.0,step_240
creas,1502806,Curralinho,0.00015179113539769278,12,6588.0,step_240
creas,1502855,Curuá,4.618798768695364e-05,27,4836.0,step_240
creas,1502905,Curuçá,2.7936410723070803e-05,87,19885.0,step_240
creas,1502939,Dom Eliseu,2.2631465279400752e-05,69,29239.0,step_240
creas,1502954,Eldorado do Carajás,4.531378675380571e-05,55,12850.0,step_240
creas,1503002,Faro,0.00014791732108415545,21,3965.0,step_240
creas,1503044,Floresta do Araguaia,4.088046139086151e-05,31,7174.0,step_240
creas,1503077,Garrafão do Norte,2.99643229464016e-05,52,10813.0,step_240
creas,1503093,Goianésia do Pará,3.322566449895504e-05,50,11198.0,step_240
creas,1503101,Gurupá,0.00015444015444015445,14,6475.0,step_240
creas,1503200,Igarapé-Açu,3.291627242018195e-05,61,16638.0,step_240
creas,1503309,Igarapé-Miri,2.818440228992088e-05,52,16689.0,step_240
creas,1503408,Inhangapi,3.201508285558984e-05,27,4748.0,step_240
creas,1503457,Ipixuna do Pará,3.37583530159118e-05,63,11531.0,step_240
creas,1503507,Irituia,3.5187058264381344e-05,80,12734.0,step_240
creas,1503606,Itaituba,2.15409625438413e-05,202,58684.0,step_240
creas,1503705,Itupiranga,3.712443661338815e-05,94,19975.0,step_240
creas,1503754,Jacareacanga,0.00017502211508846737,23,5495.0,step_240
creas,1503804,Jacundá,3.5306095414275734e-05,86,18315.0,step_240
creas,1503903,Juruti,3.795939897456995e-05,50,17868.0,step_240
creas,1504000,Limoeiro do Ajuru,3.070110387920612e-05,11,4370.0,step_240
creas,1504059,Mãe do Rio,3.6005786813266726e-05,46,17225.0,step_240
creas,1504109,Magalhães Barata,3.06742653064138e-05,20,3887.0,step_240
creas,1504208,Marabá,4.549623899221714e-05,474,127275.0,step_240
creas,1504307,Maracanã,2.9612062718362727e-05,81,12462.0,step_240
creas,1504406,Marapanim,2.893065865283355e-05,77,12496.0,step_240
creas,1504422,Marituba,3.143540379139945e-05,218,53590.0,step_240
creas,1504455,Medicilândia,5.226864399199672e-05,33,7996.0,step_240
creas,1504505,Melgaço,0.00020255215718047398,9,4937.0,step_240
creas,1504604,Mocajuba,2.1592793805131493e-05,36,11153.0,step_240
creas,1504703,Moju,3.062199774568017e-05,134,28780.0,step_240
creas,1504752,Mojuí dos Campos,2.5909449382181822e-05,37,9118.0,step_240
creas,1504802,Monte Alegre,5.270455953518174e-05,95,25730.0,step_240
creas,1504901,Muaná,9.607070804111827e-05,25,10409.0,step_240
creas,1504950,Nova Esperança do Piriá,3.08754443603347e-05,32,8302.0,step_240
creas,1504976,Nova Ipixuna,3.8314334095926976e-05,25,5349.0,step_240
creas,1505007,Nova Timboteua,3.279553467387872e-05,31,5955.0,step_240
creas,1505031,Novo Progresso,3.483228255947612e-05,57,15730.0,step_240
creas,1505064,Novo Repartimento,3.2349507465548686e-05,93,21996.0,step_240
creas,1505106,Óbidos,5.5283073174709435e-05,74,18742.0,step_240
creas,1505205,Oeiras do Pará,0.00010360161066654741,50,10899.0,step_240
creas,1505304,Oriximiná,5.144232096928501e-05,65,25385.0,step_240
creas,1505403,Ourém,3.278574084301696e-05,47,8650.0,step_240
creas,1505437,Ourilândia do Norte,3.4948550905539284e-05,62,15106.0,step_240
creas,1505486,Pacajá,2.1746313790917195e-05,64,14166.0,step_240
creas,1505494,Palestina do Pará,2.8706446692056803e-05,13,2963.0,step_240
creas,1505502,Paragominas,3.1900665562196565e-05,198,51977.0,step_240
creas,1505536,Parauapebas,3.9303261621582775e-05,444,132408.0,step_240
creas,1505551,Pau D'Arco,4.3882992684794064e-05,13,2610.0,step_240
creas,1505601,Peixe-Boi,3.2393511936449856e-05,22,4059.0,step_240
creas,1505635,Piçarra,3.4989733976026455e-05,28,4910.0,step_240
creas,1505650,Placas,6.0621404190178656e-05,31,5696.0,step_240
creas,1505700,Ponta de Pedras,0.00012434717731907486,25,8042.0,step_240
creas,1505809,Portel,6.418941648449142e-05,29,15599.0,step_240
creas,1505908,Porto de Moz,1.2544046270581156e-08,24,10600.0,step_240
creas,1506005,Prainha,2.2842074122281225e-05,49,12430.0,step_240
creas,1506104,Primavera,3.1319823749628184e-05,21,5030.0,step_240
creas,1506112,Quatipuru,3.1097702193343996e-05,23,5675.0,step_240
creas,1506138,Redenção,4.1147036490414935e-05,162,42397.0,step_240
creas,1506161,Rio Maria,5.852791923664987e-05,31,8402.0,step_240
creas,1506187,Rondon do Pará,2.925744766687091e-05,62,22229.0,step_240
creas,1506195,Rurópolis,3.9907699387365136e-05,53,15024.0,step_240
creas,1506203,Salinópolis,3.076953335828893e-05,73,21950.0,step_240
creas,1506302,Salvaterra,9.16590284142988e-05,55,10910.0,step_240
creas,1506351,Santa Bárbara do Pará,3.143540379139945e-05,44,10013.0,step_240
creas,1506401,Santa Cruz do Arari,0.0,8,2852.0,step_240
creas,1506500,Santa Izabel do Pará,3.3171208217381526e-05,115,32345.0,step_240
creas,1506559,Santa Luzia do Pará,3.122623714836238e-05,46,8898.0,step_240
creas,1506583,Santa Maria das Barreiras,2.9447084152038847e-05,38,6519.0,step_240
creas,1506609,Santa Maria do Pará,3.2471985051668545e-05,56,12204.0,step_240
creas,1506708,Santana do Araguaia,2.4917187750283272e-05,73,14754.0,step_240
creas,1506807,Santarém,2.6987357679256318e-05,529,156731.0,step_240
creas,1506906,Santarém Novo,3.131982374962819e-05,16,2457.0,step_240
creas,1507003,Santo Antônio do Tauá,3.143422589526639e-05,55,13411.0,step_240
creas,1507102,São Caetano de Odivelas,2.790225430794739e-05,42,7848.0,step_240
creas,1507151,São Domingos do Araguaia,3.6654703594003154e-05,33,9615.0,step_240
creas,1507201,São Domingos do Capim,3.5154158481203464e-05,44,10381.0,step_240
creas,1507300,São Félix do Xingu,1.7520098805616194e-05,128,25504.0,step_240
creas,1507409,São Francisco do Pará,3.127815680593603e-05,27,6944.0,step_240
creas,1507458,São Geraldo do Araguaia,3.0890055848058434e-05,47,10931.0,step_240
creas,1507466,São João da Ponta,2.666012338026546e-05,18,2001.0,step_240
creas,1507474,São João de Pirabas,3.131982374962819e-05,36,8770.0,step_240
creas,1507508,São João do Araguaia,3.9500353686228e-05,33,5932.0,step_240
creas,1507607,São Miguel do Guamá,3.47748225914348e-05,100,25115.0,step_240
creas,1507706,São Sebastião da Boa Vista,0.00017995321216483713,16,5557.0,step_240
creas,1507755,Sapucaia,5.690098377458499e-05,11,2879.0,step_240
creas,1507805,Senador José Porfírio,8.816597485545192e-06,31,6913.0,step_240
creas,1507904,Soure,8.28363154406892e-05,32,12072.0,step_240
creas,1507953,Tailândia,2.8058650639015905e-05,123,33966.0,step_240
creas,1507961,Terra Alta,3.163689290905002e-05,23,4958.0,step_240
creas,1507979,Terra Santa,0.0001504211793020457,25,8173.0,step_240
creas,1508001,Tomé-Açu,3.3667408403462634e-05,117,30224.0,step_240
creas,1508035,Tracuateua,3.117883470947877e-05,41,9773.0,step_240
creas,1508050,Trairão,2.2173491760896333e-05,31,6744.0,step_240
creas,1508084,Tucumã,3.448455604923672e-05,69,18469.0,step_240
creas,1508100,Tucuruí,4.11518795078966e-05,158,44448.0,step_240
creas,1508126,Ulianópolis,2.0323857335098115e-05,50,17003.0,step_240
creas,1508159,Uruará,6.648677638065345e-05,64,15110.0,step_240
creas,1508209,Vigia,3.0136696012111183e-05,100,24110.0,step_240
creas,1508308,Viseu,2.2758260227168262e-05,113,24311.0,step_240
creas,1508357,Vitória do Xingu,4.762129945495916e-05,36,6678.0,step_240
creas,1508407,Xinguara,6.173324833840821e-05,92,25086.0,step_240
health,1500107,Abaetetuba,1.3277386940297945e-05,189,61390.0,step_240
health,1500131,Abel Figueiredo,5.010226491053153e-06,11,2904.0,step_240
health,1500206,Acará,1.3171348894866651e-05,128,21279.0,step_240
health,1500347,Água Azul do Norte,8.992002289689232e-06,38,7078.0,step_240
health,1500404,Alenquer,0.0,64,24692.0,step_240
health,1500503,Almeirim,0.0,44,12803.0,step_240
health,1500602,Altamira,2.8048114198937738e-05,254,57798.0,step_240
health,1500701,Anajás,0.0,11,6120.0,step_240
health,1500800,Ananindeua,1.3309774861005387e-05,637,216395.0,step_240
health,1500859,Anapu,3.6444344020029814e-06,42,11682.0,step_240
health,1500909,Augusto Corrêa,1.3095702907364817e-05,85,19652.0,step_240
health,1500958,Aurora do Pará,1.3791850154710443e-05,40,9167.0,step_240
health,1501006,Aveiro,7.548051272744525e-05,24,4724.0,step_240
health,1501105,Bagre,0.0,18,6788.0,step_240
health,1501204,Baião,4.3204054564066085e-06,61,20104.0,step_240
health,1501253,Bannach,1.3088063602819233e-05,11,1582.0,step_240
health,1501303,Barcarena,1.293026866579219e-05,238,57552.0,step_240
health,1501402,Belém,1.3274237835583745e-05,1874,637628.0,step_240
health,1501451,Belterra,3.598585647686232e-05,43,7617.0,step_240
health,1501501,Benevides,1.3559915874655823e-05,181,30532.0,step_240
health,1501576,Bom Jesus do Tocantins,5.0102264910531526e-06,35,7433.0,step_240
health,1501600,Bonito,1.4502551274354712e-05,26,5332.0,step_240
health,1501709,Bragança,1.4001168338513802e-05,195,55750.0,step_240
health,1501725,Brasil Novo,4.063441347980219e-05,37,8590.0,step_240
health,1501758,Brejo Grande do Araguaia,4.734680300389092e-06,17,2980.0,step_240
health,1501782,Breu Branco,6.417245586903737e-06,79,20704.0,step_240
health,1501808,Breves,3.461764807698965e-05,64,28887.0,step_240
health,1501907,Bujaru,1.3304796204511017e-05,39,7707.0,step_240
health,1501956,Cachoeira do Piriá,1.317648675626089e-05,46,8304.0,step_240
health,1502004,Cachoeira do Arari,0.0,26,7539.0,step_240
health,1502103,Cametá,1.3538833672138699e-06,139,42529.0,step_240
health,1502152,Canaã dos Carajás,1.0130611967299304e-05,108,36539.0,step_240
health,1502202,Capanema,1.4502551274354705e-05,118,35064.0,step_240
health,1502301,Capitão Poço,1.4444476917892676e-05,132,25741.0,step_240
health,1502400,Castanhal,1.5140594193636811e-05,340,97495.0,step_240
health,1502509,Chaves,0.0,4,2317.0,step_240
health,1502608,Colares,1.2636608096056373e-05,33,6118.0,step_240
health,1502707,Conceição do Araguaia,1.1611078320034219e-05,79,20299.0,step_240
health,1502756,Concórdia do Pará,1.275261632511974e-05,66,12238.0,step_240
health,1502764,Cumaru do Norte,1.3150070474951368e-05,20,4478.0,step_240
health,1502772,Curionópolis,9.796775354712215e-06,49,9754.0,step_240
health,1502806,Curralinho,0.0,12,6588.0,step_240
health,1502855,Curuá,0.0,27,4836.0,step_240
health,1502905,Curuçá,1.1973797824787237e-05,87,19885.0,step_240
health,1502939,Dom Eliseu,5.1161440087342645e-06,69,29239.0,step_240
health,1502954,Eldorado do Carajás,1.0013451415838346e-05,55,12850.0,step_240
health,1503002,Faro,0.0,21,3965.0,step_240
health,1503044,Floresta do Araguaia,1.3933057406088382e-05,31,7174.0,step_240
health,1503077,Garrafão do Norte,1.290389235420833e-05,52,10813.0,step_240
health,1503093,Goianésia do Pará,7.105057146109799e-06,50,11198.0,step_240
health,1503101,Gurupá,0.0,14,6475.0,step_240
health,1503200,Igarapé-Açu,1.4502551274354709e-05,61,16638.0,step_240
health,1503309,Igarapé-Miri,1.2599503831021231e-05,52,16689.0,step_240
health,1503408,Inhangapi,1.4373677158927541e-05,27,4748.0,step_240
health,1503457,Ipixuna do Pará,1.2061508948617517e-05,63,11531.0,step_240
health,1503507,Irituia,1.450255127435471e-05,80,12734.0,step_240
health,1503606,Itaituba,0.00033071288355583997,202,58684.0,step_240
health,1503705,Itupiranga,7.912492361209562e-06,94,19975.0,step_240
health,1503754,Jacareacanga,2.227605210673418e-07,23,5495.0,step_240
health,1503804,Jacundá,5.987712181292429e-06,86,18315.0,step_240
health,1503903,Juruti,7.59187979491399e-05,50,17868.0,step_240
health,1504000,Limoeiro do Ajuru,0.0,11,4370.0,step_240
health,1504059,Mãe do Rio,1.450255127435471e-05,46,17225.0,step_240
health,1504109,Magalhães Barata,1.3859768172800433e-05,20,3887.0,step_240
health,1504208,Marabá,9.658388155232556e-06,474,127275.0,step_240
health,1504307,Maracanã,1.3573566629029074e-05,81,12462.0,step_240
health,1504406,Marapanim,1.2734479233719513e-05,77,12496.0,step_240
health,1504422,Marituba,1.3309774861005386e-05,218,53590.0,step_240
health,1504455,Medicilândia,4.5177045738462854e-05,33,7996.0,step_240
health,1504505,Melgaço,0.0,9,4937.0,step_240
health,1504604,Mocajuba,5.149269889138855e-06,36,11153.0,step_240
health,1504703,Moju,1.2350162958454363e-05,134,28780.0,step_240
health,1504752,Mojuí dos Campos,2.3963621494820198e-05,37,9118.0,step_240
health,1504802,Monte Alegre,0.0,95,25730.0,step_240
health,1504901,Muaná,0.0,25,10409.0,step_240
health,1504950,Nova Esperança do Piriá,1.2547377261259283e-05,32,8302.0,step_240
health,1504976,Nova Ipixuna,5.18464698215668e-06,25,5349.0,step_240
health,1505007,Nova Timboteua,1.4502551274354709e-05,31,5955.0,step_240
health,1505031,Novo Progresso,3.773397450403066e-07,57,15730.0,step_240
health,1505064,Novo Repartimento,5.547990699534904e-06,93,21996.0,step_240
health,1505106,Óbidos,0.0,74,18742.0,step_240
health,1505205,Oeiras do Pará,2.8021249920896393e-07,50,10899.0,step_240
health,1505304,Oriximiná,0.0,65,25385.0,step_240
health,1505403,Ourém,1.4502551274354709e-05,47,8650.0,step_240
health,1505437,Ourilândia do Norte,8.584357305341499e-06,62,15106.0,step_240
health,1505486,Pacajá,3.679999040144153e-06,64,14166.0,step_240
health,1505494,Palestina do Pará,4.7963938389147145e-06,13,2963.0,step_240
health,1505502,Paragominas,1.086470294032925e-05,198,51977.0,step_240
health,1505536,Parauapebas,1.0072575662819379e-05,444,132408.0,step_240
health,1505551,Pau D'Arco,1.662171494364433e-05,13,2610.0,step_240
health,1505601,Peixe-Boi,1.4502551274354709e-05,22,4059.0,step_240
health,1505635,Piçarra,7.917880642188084e-06,28,4910.0,step_240
health,1505650,Placas,0.0001024711285248011,31,5696.0,step_240
health,1505700,Ponta de Pedras,0.0,25,8042.0,step_240
health,1505809,Portel,0.0,29,15599.0,step_240
health,1505908,Porto de Moz,9.434877195398852e-05,24,10600.0,step_240
health,1506005,Prainha,3.928466410587559e-07,49,12430.0,step_240
health,1506104,Primavera,1.4502551274354709e-05,21,5030.0,step_240
health,1506112,Quatipuru,1.4502551274354705e-05,23,5675.0,step_240
health,1506138,Redenção,1.646350576711551e-05,162,42397.0,step_240
health,1506161,Rio Maria,1.7561069065914825e-05,31,8402.0,step_240
health,1506187,Rondon do Pará,3.760489418981268e-06,62,22229.0,step_240
health,1506195,Rurópolis,7.830612472497206e-05,53,15024.0,step_240
health,1506203,Salinópolis,1.4495605170130243e-05,73,21950.0,step_240
health,1506302,Salvaterra,0.0,55,10910.0,step_240
health,1506351,Santa Bárbara do Pará,1.3309774861005389e-05,44,10013.0,step_240
health,1506401,Santa Cruz do Arari,0.0,8,2852.0,step_240
health,1506500,Santa Izabel do Pará,1.5062477048082256e-05,115,32345.0,step_240
health,1506559,Santa Luzia do Pará,1.4405251665679715e-05,46,8898.0,step_240
health,1506583,Santa Maria das Barreiras,1.210661550363938e-05,38,6519.0,step_240
health,1506609,Santa Maria do Pará,1.4111586068744849e-05,56,12204.0,step_240
health,1506708,Santana do Araguaia,1.1823151604319962e-05,73,14754.0,step_240
health,1506807,Santarém,2.5764192318409044e-05,529,156731.0,step_240
health,1506906,Santarém Novo,1.4502551274354709e-05,16,2457.0,step_240
health,1507003,Santo Antônio do Tauá,1.3685111478922072e-05,55,13411.0,step_240
health,1507102,São Caetano de Odivelas,1.235581766465877e-05,42,7848.0,step_240
health,1507151,São Domingos do Araguaia,5.033825398323687e-06,33,9615.0,step_240
health,1507201,São Domingos do Capim,1.4084462089042897e-05,44,10381.0,step_240
health,1507300,São Félix do Xingu,3.784668035228962e-06,128,25504.0,step_240
health,1507409,São Francisco do Pará,1.3550194796660907e-05,27,6944.0,step_240
health,1507458,São Geraldo do Araguaia,5.256616502589904e-06,47,10931.0,step_240
health,1507466,São João da Ponta,1.1367263654623426e-05,18,2001.0,step_240
health,1507474,São João de Pirabas,1.450255127435471e-05,36,8770.0,step_240
health,1507508,São João do Araguaia,6.350778727258565e-06,33,5932.0,step_240
health,1507607,São Miguel do Guamá,1.450255127435471e-05,100,25115.0,step_240
health,1507706,São Sebastião da Boa Vista,0.0,16,5557.0,step_240
health,1507755,Sapucaia,1.0130611967299302e-05,11,2879.0,step_240
health,1507805,Senador José Porfírio,2.6280204678120724e-06,31,6913.0,step_240
health,1507904,Soure,0.0,32,12072.0,step_240
health,1507953,Tailândia,1.061964538254742e-05,123,33966.0,step_240
health,1507961,Terra Alta,1.4241364391389997e-05,23,4958.0,step_240
health,1507979,Terra Santa,0.0,25,8173.0,step_240
health,1508001,Tomé-Açu,1.3216209042571863e-05,117,30224.0,step_240
health,1508035,Tracuateua,1.4443490959861933e-05,41,9773.0,step_240
health,1508050,Trairão,6.835874063356342e-05,31,6744.0,step_240
health,1508084,Tucumã,8.513354636296516e-06,69,18469.0,step_240
health,1508100,Tucuruí,5.910587330664731e-06,158,44448.0,step_240
health,1508126,Ulianópolis,8.708473885359974e-06,50,17003.0,step_240
health,1508159,Uruará,0.00010377990917863494,64,15110.0,step_240
health,1508209,Vigia,1.2671900811009593e-05,100,24110.0,step_240
health,1508308,Viseu,1.1486738461952313e-05,113,24311.0,step_240
health,1508357,Vitória do Xingu,3.23275707594777e-05,36,6678.0,step_240
health,1508407,Xinguara,1.7158734312583962e-05,92,25086.0,step_240
specialized_justice,1500107,Abaetetuba,2.0807673426197172e-06,189,61390.0,step_240
specialized_justice,1500131,Abel Figueiredo,1.4463282065819502e-06,11,2904.0,step_240
specialized_justice,1500206,Acará,2.069033140772151e-06,128,21279.0,step_240
specialized_justice,1500347,Água Azul do Norte,1.4463282065819505e-06,38,7078.0,step_240
specialized_justice,1500404,Alenquer,0.0,64,24692.0,step_240
specialized_justice,1500503,Almeirim,0.0,44,12803.0,step_240
specialized_justice,1500602,Altamira,0.0,254,57798.0,step_240
specialized_justice,1500701,Anajás,0.0,11,6120.0,step_240
specialized_justice,1500800,Ananindeua,2.080767342619717e-06,637,216395.0,step_240
specialized_justice,1500859,Anapu,0.0,42,11682.0,step_240
specialized_justice,1500909,Augusto Corrêa,2.0807673426197176e-06,85,19652.0,step_240
specialized_justice,1500958,Aurora do Pará,2.0807673426197172e-06,40,9167.0,step_240
specialized_justice,1501006,Aveiro,1.1196181753309975e-07,24,4724.0,step_240
specialized_justice,1501105,Bagre,0.0,18,6788.0,step_240
specialized_justice,1501204,Baião,1.4741529714700266e-06,61,20104.0,step_240
specialized_justice,1501253,Bannach,7.32306506619559e-07,11,1582.0,step_240
specialized_justice,1501303,Barcarena,2.021437706651568e-06,238,57552.0,step_240
specialized_justice,1501402,Belém,2.075301325915796e-06,1874,637628.0,step_240
specialized_justice,1501451,Belterra,5.135025495401586e-06,43,7617.0,step_240
specialized_justice,1501501,Benevides,2.0807673426197176e-06,181,30532.0,step_240
specialized_justice,1501576,Bom Jesus do Tocantins,1.4463282065819502e-06,35,7433.0,step_240
specialized_justice,1501600,Bonito,2.0807673426197172e-06,26,5332.0,step_240
specialized_justice,1501709,Bragança,2.0478856201291707e-06,195,55750.0,step_240
specialized_justice,1501725,Brasil Novo,0.0,37,8590.0,step_240
specialized_justice,1501758,Brejo Grande do Araguaia,1.4463282065819505e-06,17,2980.0,step_240
specialized_justice,1501782,Breu Branco,1.4463282065819507e-06,79,20704.0,step_240
specialized_justice,1501808,Breves,0.0,64,28887.0,step_240
specialized_justice,1501907,Bujaru,2.080767342619717e-06,39,7707.0,step_240
specialized_justice,1501956,Cachoeira do Piriá,1.953734266851287e-06,46,8304.0,step_240
specialized_justice,1502004,Cachoeira do Arari,0.0,26,7539.0,step_240
specialized_justice,1502103,Cametá,4.6239817900959214e-07,139,42529.0,step_240
specialized_justice,1502152,Canaã dos Carajás,1.4463282065819502e-06,108,36539.0,step_240
specialized_justice,1502202,Capanema,2.080767342619717e-06,118,35064.0,step_240
specialized_justice,1502301,Capitão Poço,2.0807673426197172e-06,132,25741.0,step_240
specialized_justice,1502400,Castanhal,2.0807673426197172e-06,340,97495.0,step_240
specialized_justice,1502509,Chaves,0.0,4,2317.0,step_240
specialized_justice,1502608,Colares,2.0807673426197172e-06,33,6118.0,step_240
specialized_justice,1502707,Conceição do Araguaia,0.0,79,20299.0,step_240
specialized_justice,1502756,Concórdia do Pará,2.080767342619717e-06,66,12238.0,step_240
specialized_justice,1502764,Cumaru do Norte,0.0,20,4478.0,step_240
specialized_justice,1502772,Curionópolis,1.4463282065819505e-06,49,9754.0,step_240
specialized_justice,1502806,Curralinho,0.0,12,6588.0,step_240
specialized_justice,1502855,Curuá,0.0,27,4836.0,step_240
specialized_justice,1502905,Curuçá,1.971627773177808e-06,87,19885.0,step_240
specialized_justice,1502939,Dom Eliseu,1.4463282065819505e-06,69,29239.0,step_240
specialized_justice,1502954,Eldorado do Carajás,1.4463282065819505e-06,55,12850.0,step_240
specialized_justice,1503002,Faro,0.0,21,3965.0,step_240
specialized_justice,1503044,Floresta do Araguaia,1.0560171656086224e-06,31,7174.0,step_240
specialized_justice,1503077,Garrafão do Norte,2.0513635641633015e-06,52,10813.0,step_240
specialized_justice,1503093,Goianésia do Pará,1.4670527981556148e-06,50,11198.0,step_240
specialized_justice,1503101,Gurupá,0.0,14,6475.0,step_240
specialized_justice,1503200,Igarapé-Açu,2.0807673426197172e-06,61,16638.0,step_240
specialized_justice,1503309,Igarapé-Miri,2.0615667811263125e-06,52,16689.0,step_240
specialized_justice,1503408,Inhangapi,2.0807673426197172e-06,27,4748.0,step_240
specialized_justice,1503457,Ipixuna do Pará,1.8806823464766868e-06,63,11531.0,step_240
specialized_justice,1503507,Irituia,2.0807673426197172e-06,80,12734.0,step_240
specialized_justice,1503606,Itaituba,0.0,202,58684.0,step_240
specialized_justice,1503705,Itupiranga,1.4463282065819502e-06,94,19975.0,step_240
specialized_justice,1503754,Jacareacanga,0.0,23,5495.0,step_240
specialized_justice,1503804,Jacundá,1.4167146069385855e-06,86,18315.0,step_240
specialized_justice,1503903,Juruti,0.0,50,17868.0,step_240
specialized_justice,1504000,Limoeiro do Ajuru,0.0,11,4370.0,step_240
specialized_justice,1504059,Mãe do Rio,2.0807673426197172e-06,46,17225.0,step_240
specialized_justice,1504109,Magalhães Barata,2.0807673426197176e-06,20,3887.0,step_240
specialized_justice,1504208,Marabá,1.4463282065819505e-06,474,127275.0,step_240
specialized_justice,1504307,Maracanã,1.9954461973718697e-06,81,12462.0,step_240
specialized_justice,1504406,Marapanim,2.057788317869275e-06,77,12496.0,step_240
specialized_justice,1504422,Marituba,2.0807673426197172e-06,218,53590.0,step_240
specialized_justice,1504455,Medicilândia,0.0,33,7996.0,step_240
specialized_justice,1504505,Melgaço,0.0,9,4937.0,step_240
specialized_justice,1504604,Mocajuba,1.9966262082593215e-06,36,11153.0,step_240
specialized_justice,1504703,Moju,2.0602234353880277e-06,134,28780.0,step_240
specialized_justice,1504752,Mojuí dos Campos,5.0049321756562715e-06,37,9118.0,step_240
specialized_justice,1504802,Monte Alegre,0.0,95,25730.0,step_240
specialized_justice,1504901,Muaná,0.0,25,10409.0,step_240
specialized_justice,1504950,Nova Esperança do Piriá,1.9470374232646276e-06,32,8302.0,step_240
specialized_justice,1504976,Nova Ipixuna,1.4463282065819507e-06,25,5349.0,step_240
specialized_justice,1505007,Nova Timboteua,2.0807673426197172e-06,31,5955.0,step_240
specialized_justice,1505031,Novo Progresso,0.0,57,15730.0,step_240
specialized_justice,1505064,Novo Repartimento,1.373143841518952e-06,93,21996.0,step_240
specialized_justice,1505106,Óbidos,0.0,74,18742.0,step_240
specialized_justice,1505205,Oeiras do Pará,0.0,50,10899.0,step_240
specialized_justice,1505304,Oriximiná,0.0,65,25385.0,step_240
specialized_justice,1505403,Ourém,2.0807673426197172e-06,47,8650.0,step_240
specialized_justice,1505437,Ourilândia do Norte,0.0,62,15106.0,step_240
specialized_justice,1505486,Pacajá,1.0896979351157106e-06,64,14166.0,step_240
specialized_justice,1505494,Palestina do Pará,1.4463282065819505e-06,13,2963.0,step_240
specialized_justice,1505502,Paragominas,1.9435519266823518e-06,198,51977.0,step_240
specialized_justice,1505536,Parauapebas,1.4405497972616537e-06,444,132408.0,step_240
specialized_justice,1505551,Pau D'Arco,1.299478790971139e-06,13,2610.0,step_240
specialized_justice,1505601,Peixe-Boi,2.0807673426197172e-06,22,4059.0,step_240
specialized_justice,1505635,Piçarra,1.4463282065819507e-06,28,4910.0,step_240
specialized_justice,1505650,Placas,5.135025495401584e-06,31,5696.0,step_240
specialized_justice,1505700,Ponta de Pedras,0.0,25,8042.0,step_240
specialized_justice,1505809,Portel,0.0,29,15599.0,step_240
specialized_justice,1505908,Porto de Moz,0.0,24,10600.0,step_240
specialized_justice,1506005,Prainha,1.3591499501103148e-07,49,12430.0,step_240
specialized_justice,1506104,Primavera,2.0807673426197172e-06,21,5030.0,step_240
specialized_justice,1506112,Quatipuru,2.080767342619717e-06,23,5675.0,step_240
specialized_justice,1506138,Redenção,8.34904274545054e-07,162,42397.0,step_240
specialized_justice,1506161,Rio Maria,1.4463282065819502e-06,31,8402.0,step_240
specialized_justice,1506187,Rondon do Pará,1.4463282065819502e-06,62,22229.0,step_240
specialized_justice,1506195,Rurópolis,4.987714793290423e-06,53,15024.0,step_240
specialized_justice,1506203,Salinópolis,2.0807673426197172e-06,73,21950.0,step_240
specialized_justice,1506302,Salvaterra,0.0,55,10910.0,step_240
specialized_justice,1506351,Santa Bárbara do Pará,2.0807673426197172e-06,44,10013.0,step_240
specialized_justice,1506401,Santa Cruz do Arari,0.0,8,2852.0,step_240
specialized_justice,1506500,Santa Izabel do Pará,2.0807673426197172e-06,115,32345.0,step_240
specialized_justice,1506559,Santa Luzia do Pará,2.0807673426197172e-06,46,8898.0,step_240
specialized_justice,1506583,Santa Maria das Barreiras,0.0,38,6519.0,step_240
specialized_justice,1506609,Santa Maria do Pará,2.0246732377588616e-06,56,12204.0,step_240
specialized_justice,1506708,Santana do Araguaia,0.0,73,14754.0,step_240
specialized_justice,1506807,Santarém,4.6962593200156185e-06,529,156731.0,step_240
specialized_justice,1506906,Santarém Novo,2.0807673426197172e-06,16,2457.0,step_240
specialized_justice,1507003,Santo Antônio do Tauá,2.0807673426197172e-06,55,13411.0,step_240
specialized_justice,1507102,São Caetano de Odivelas,2.0213774490485126e-06,42,7848.0,step_240
specialized_justice,1507151,São Domingos do Araguaia,1.4463282065819505e-06,33,9615.0,step_240
specialized_justice,1507201,São Domingos do Capim,2.0807673426197172e-06,44,10381.0,step_240
specialized_justice,1507300,São Félix do Xingu,1.5595210822225393e-08,128,25504.0,step_240
specialized_justice,1507409,São Francisco do Pará,1.944127090857823e-06,27,6944.0,step_240
specialized_justice,1507458,São Geraldo do Araguaia,1.3877129476380472e-06,47,10931.0,step_240
specialized_justice,1507466,São João da Ponta,1.8717547309922492e-06,18,2001.0,step_240
specialized_justice,1507474,São João de Pirabas,2.0807673426197172e-06,36,8770.0,step_240
specialized_justice,1507508,São João do Araguaia,1.4463282065819505e-06,33,5932.0,step_240
specialized_justice,1507607,São Miguel do Guamá,2.0807673426197172e-06,100,25115.0,step_240
specialized_justice,1507706,São Sebastião da Boa Vista,0.0,16,5557.0,step_240
specialized_justice,1507755,Sapucaia,1.4463282065819505e-06,11,2879.0,step_240
specialized_justice,1507805,Senador José Porfírio,0.0,31,6913.0,step_240
specialized_justice,1507904,Soure,0.0,32,12072.0,step_240
specialized_justice,1507953,Tailândia,3.2666245893638205e-06,123,33966.0,step_240
specialized_justice,1507961,Terra Alta,2.0807673426197176e-06,23,4958.0,step_240
specialized_justice,1507979,Terra Santa,0.0,25,8173.0,step_240
specialized_justice,1508001,Tomé-Açu,2.0724188492151844e-06,117,30224.0,step_240
specialized_justice,1508035,Tracuateua,2.0807673426197172e-06,41,9773.0,step_240
specialized_justice,1508050,Trairão,0.0,31,6744.0,step_240
specialized_justice,1508084,Tucumã,0.0,69,18469.0,step_240
specialized_justice,1508100,Tucuruí,1.4463282065819502e-06,158,44448.0,step_240
specialized_justice,1508126,Ulianópolis,1.8004366538630366e-06,50,17003.0,step_240
specialized_justice,1508159,Uruará,4.817952114381752e-06,64,15110.0,step_240
specialized_justice,1508209,Vigia,2.0807673426197172e-06,100,24110.0,step_240
specialized_justice,1508308,Viseu,1.3607917290209917e-06,113,24311.0,step_240
specialized_justice,1508357,Vitória do Xingu,0.0,36,6678.0,step_240
specialized_justice,1508407,Xinguara,1.4463282065819507e-06,92,25086.0,step_240
specialized_security,1500107,Abaetetuba,4.27845796979476e-06,189,61390.0,step_240
specialized_security,1500131,Abel Figueiredo,5.547750345459698e-06,11,2904.0,step_240
specialized_security,1500206,Acará,4.807497150439702e-06,128,21279.0,step_240
specialized_security,1500347,Água Azul do Norte,1.518069734502744e-05,38,7078.0,step_240
specialized_security,1500404,Alenquer,0.0,64,24692.0,step_240
specialized_security,1500503,Almeirim,0.0,44,12803.0,step_240
specialized_security,1500602,Altamira,9.269676172581914e-06,254,57798.0,step_240
specialized_security,1500701,Anajás,0.0,11,6120.0,step_240
specialized_security,1500800,Ananindeua,4.815052241306925e-06,637,216395.0,step_240
specialized_security,1500859,Anapu,1.9619012448823636e-06,42,11682.0,step_240
specialized_security,1500909,Augusto Corrêa,3.6341016253665433e-06,85,19652.0,step_240
specialized_security,1500958,Aurora do Pará,4.814213672638301e-06,40,9167.0,step_240
specialized_security,1501006,Aveiro,3.2646995327345002e-06,24,4724.0,step_240
specialized_security,1501105,Bagre,1.2019155551520203e-06,18,6788.0,step_240
specialized_security,1501204,Baião,6.2220638639567584e-06,61,20104.0,step_240
specialized_security,1501253,Bannach,1.384601328079252e-05,11,1582.0,step_240
specialized_security,1501303,Barcarena,4.32200412010989e-06,238,57552.0,step_240
specialized_security,1501402,Belém,4.79835791261822e-06,1874,637628.0,step_240
specialized_security,1501451,Belterra,5.119226791985338e-06,43,7617.0,step_240
specialized_security,1501501,Benevides,4.8150522413069255e-06,181,30532.0,step_240
specialized_security,1501576,Bom Jesus do Tocantins,7.405459456973427e-06,35,7433.0,step_240
specialized_security,1501600,Bonito,4.8150522413069255e-06,26,5332.0,step_240
specialized_security,1501709,Bragança,4.55531570977091e-06,195,55750.0,step_240
specialized_security,1501725,Brasil Novo,1.0738139724674098e-05,37,8590.0,step_240
specialized_security,1501758,Brejo Grande do Araguaia,4.985019344383756e-06,17,2980.0,step_240
specialized_security,1501782,Breu Branco,1.0527493433376142e-05,79,20704.0,step_240
specialized_security,1501808,Breves,3.461764807698965e-05,64,28887.0,step_240
specialized_security,1501907,Bujaru,4.815052241306925e-06,39,7707.0,step_240
specialized_security,1501956,Cachoeira do Piriá,4.018431820342703e-06,46,8304.0,step_240
specialized_security,1502004,Cachoeira do Arari,0.0,26,7539.0,step_240
specialized_security,1502103,Cametá,1.0007899095648538e-05,139,42529.0,step_240
specialized_security,1502152,Canaã dos Carajás,1.2894663531950314e-05,108,36539.0,step_240
specialized_security,1502202,Capanema,4.815052241306925e-06,118,35064.0,step_240
specialized_security,1502301,Capitão Poço,4.810802906456323e-06,132,25741.0,step_240
specialized_security,1502400,Castanhal,4.815052241306924e-06,340,97495.0,step_240
specialized_security,1502509,Chaves,0.0,4,2317.0,step_240
specialized_security,1502608,Colares,4.252321240230983e-06,33,6118.0,step_240
specialized_security,1502707,Conceição do Araguaia,3.8604809737317925e-06,79,20299.0,step_240
specialized_security,1502756,Concórdia do Pará,4.8150522413069255e-06,66,12238.0,step_240
specialized_security,1502764,Cumaru do Norte,3.147993650868911e-06,20,4478.0,step_240
specialized_security,1502772,Curionópolis,7.211784166843796e-06,49,9754.0,step_240
specialized_security,1502806,Curralinho,0.0,12,6588.0,step_240
specialized_security,1502855,Curuá,0.0,27,4836.0,step_240
specialized_security,1502905,Curuçá,4.5624950631483565e-06,87,19885.0,step_240
specialized_security,1502939,Dom Eliseu,2.0457284354903796e-06,69,29239.0,step_240
specialized_security,1502954,Eldorado do Carajás,7.3025986168422136e-06,55,12850.0,step_240
specialized_security,1503002,Faro,0.0,21,3965.0,step_240
specialized_security,1503044,Floresta do Araguaia,6.719674049263011e-06,31,7174.0,step_240
specialized_security,1503077,Garrafão do Norte,3.82137443068019e-06,52,10813.0,step_240
specialized_security,1503093,Goianésia do Pará,4.858511864658711e-06,50,11198.0,step_240
specialized_security,1503101,Gurupá,0.0,14,6475.0,step_240
specialized_security,1503200,Igarapé-Açu,4.815052241306925e-06,61,16638.0,step_240
specialized_security,1503309,Igarapé-Miri,3.816072407446992e-06,52,16689.0,step_240
specialized_security,1503408,Inhangapi,4.815052241306925e-06,27,4748.0,step_240
specialized_security,1503457,Ipixuna do Pará,4.5025792688219045e-06,63,11531.0,step_240
specialized_security,1503507,Irituia,4.815052241306924e-06,80,12734.0,step_240
specialized_security,1503606,Itaituba,1.6835974407525056e-05,202,58684.0,step_240
specialized_security,1503705,Itupiranga,6.933962105824572e-06,94,19975.0,step_240
specialized_security,1503754,Jacareacanga,0.0,23,5495.0,step_240
specialized_security,1503804,Jacundá,7.1078772760133945e-06,86,18315.0,step_240
specialized_security,1503903,Juruti,0.0,50,17868.0,step_240
specialized_security,1504000,Limoeiro do Ajuru,9.10735488704748e-06,11,4370.0,step_240
specialized_security,1504059,Mãe do Rio,4.815052241306925e-06,46,17225.0,step_240
specialized_security,1504109,Magalhães Barata,4.815052241306925e-06,20,3887.0,step_240
specialized_security,1504208,Marabá,8.533951560340664e-06,474,127275.0,step_240
specialized_security,1504307,Maracanã,4.51880447556207e-06,81,12462.0,step_240
specialized_security,1504406,Marapanim,4.59075206417913e-06,77,12496.0,step_240
specialized_security,1504422,Marituba,4.815052241306925e-06,218,53590.0,step_240
specialized_security,1504455,Medicilândia,1.0738139724674096e-05,33,7996.0,step_240
specialized_security,1504505,Melgaço,0.0,9,4937.0,step_240
specialized_security,1504604,Mocajuba,5.736278744434494e-06,36,11153.0,step_240
specialized_security,1504703,Moju,4.945115177400405e-06,134,28780.0,step_240
specialized_security,1504752,Mojuí dos Campos,4.9895337245419725e-06,37,9118.0,step_240
specialized_security,1504802,Monte Alegre,0.0,95,25730.0,step_240
specialized_security,1504901,Muaná,0.0,25,10409.0,step_240
specialized_security,1504950,Nova Esperança do Piriá,3.660711968783675e-06,32,8302.0,step_240
specialized_security,1504976,Nova Ipixuna,7.282195884698055e-06,25,5349.0,step_240
specialized_security,1505007,Nova Timboteua,4.815052241306924e-06,31,5955.0,step_240
specialized_security,1505031,Novo Progresso,0.0,57,15730.0,step_240
specialized_security,1505064,Novo Repartimento,4.024058256429292e-06,93,21996.0,step_240
specialized_security,1505106,Óbidos,0.0,74,18742.0,step_240
specialized_security,1505205,Oeiras do Pará,3.601771763381515e-06,50,10899.0,step_240
specialized_security,1505304,Oriximiná,0.0,65,25385.0,step_240
specialized_security,1505403,Ourém,4.815052241306924e-06,47,8650.0,step_240
specialized_security,1505437,Ourilândia do Norte,1.3735832933085936e-05,62,15106.0,step_240
specialized_security,1505486,Pacajá,3.7677016058726503e-06,64,14166.0,step_240
specialized_security,1505494,Palestina do Pará,4.766110734971714e-06,13,2963.0,step_240
specialized_security,1505502,Paragominas,3.6927202739017445e-06,198,51977.0,step_240
specialized_security,1505536,Parauapebas,7.2094376217854705e-06,444,132408.0,step_240
specialized_security,1505551,Pau D'Arco,7.06121163039942e-06,13,2610.0,step_240
specialized_security,1505601,Peixe-Boi,4.8150522413069255e-06,22,4059.0,step_240
specialized_security,1505635,Piçarra,6.87935675037471e-06,28,4910.0,step_240
specialized_security,1505650,Placas,1.4271907333293759e-05,31,5696.0,step_240
specialized_security,1505700,Ponta de Pedras,0.0,25,8042.0,step_240
specialized_security,1505809,Portel,8.303150551534201e-08,29,15599.0,step_240
specialized_security,1505908,Porto de Moz,3.0390961484926693e-09,24,10600.0,step_240
specialized_security,1506005,Prainha,1.3549683142101178e-07,49,12430.0,step_240
specialized_security,1506104,Primavera,4.815052241306925e-06,21,5030.0,step_240
specialized_security,1506112,Quatipuru,4.815052241306925e-06,23,5675.0,step_240
specialized_security,1506138,Redenção,5.959577650255012e-06,162,42397.0,step_240
specialized_security,1506161,Rio Maria,1.4496461762394724e-05,31,8402.0,step_240
specialized_security,1506187,Rondon do Pará,4.035682844126714e-06,62,22229.0,step_240
specialized_security,1506195,Rurópolis,4.9723693141268655e-06,53,15024.0,step_240
specialized_security,1506203,Salinópolis,4.811546443989012e-06,73,21950.0,step_240
specialized_security,1506302,Salvaterra,0.0,55,10910.0,step_240
specialized_security,1506351,Santa Bárbara do Pará,4.815052241306925e-06,44,10013.0,step_240
specialized_security,1506401,Santa Cruz do Arari,0.0,8,2852.0,step_240
specialized_security,1506500,Santa Izabel do Pará,4.8150522413069255e-06,115,32345.0,step_240
specialized_security,1506559,Santa Luzia do Pará,4.76406113729572e-06,46,8898.0,step_240
specialized_security,1506583,Santa Maria das Barreiras,2.563730731875026e-06,38,6519.0,step_240
specialized_security,1506609,Santa Maria do Pará,4.685246260694832e-06,56,12204.0,step_240
specialized_security,1506708,Santana do Araguaia,2.2267648224600406e-06,73,14754.0,step_240
specialized_security,1506807,Santarém,4.6818105488792045e-06,529,156731.0,step_240
specialized_security,1506906,Santarém Novo,4.815052241306925e-06,16,2457.0,step_240
specialized_security,1507003,Santo Antônio do Tauá,4.8150522413069255e-06,55,13411.0,step_240
specialized_security,1507102,São Caetano de Odivelas,4.232267589199964e-06,42,7848.0,step_240
specialized_security,1507151,São Domingos do Araguaia,7.031557524536414e-06,33,9615.0,step_240
specialized_security,1507201,São Domingos do Capim,4.8150522413069255e-06,44,10381.0,step_240
specialized_security,1507300,São Félix do Xingu,8.504823279849958e-06,128,25504.0,step_240
specialized_security,1507409,São Francisco do Pará,4.498856414400825e-06,27,6944.0,step_240
specialized_security,1507458,São Geraldo do Araguaia,5.01542599454064e-06,47,10931.0,step_240
specialized_security,1507466,São João da Ponta,4.331381326512975e-06,18,2001.0,step_240
specialized_security,1507474,São João de Pirabas,4.8150522413069255e-06,36,8770.0,step_240
specialized_security,1507508,São João do Araguaia,7.0773397839181735e-06,33,5932.0,step_240
specialized_security,1507607,São Miguel do Guamá,4.815052241306925e-06,100,25115.0,step_240
specialized_security,1507706,São Sebastião da Boa Vista,0.0,16,5557.0,step_240
specialized_security,1507755,Sapucaia,1.4581937842335265e-05,11,2879.0,step_240
specialized_security,1507805,Senador José Porfírio,0.0,31,6913.0,step_240
specialized_security,1507904,Soure,8.28363154406892e-05,32,12072.0,step_240
specialized_security,1507953,Tailândia,7.310042999939798e-06,123,33966.0,step_240
specialized_security,1507961,Terra Alta,4.815052241306926e-06,23,4958.0,step_240
specialized_security,1507979,Terra Santa,0.0,25,8173.0,step_240
specialized_security,1508001,Tomé-Açu,4.9550765239015e-06,117,30224.0,step_240
specialized_security,1508035,Tracuateua,4.789405615388251e-06,41,9773.0,step_240
specialized_security,1508050,Trairão,0.0,31,6744.0,step_240
specialized_security,1508084,Tucumã,1.3665474895371837e-05,69,18469.0,step_240
specialized_security,1508100,Tucuruí,1.3540115486044978e-05,158,44448.0,step_240
specialized_security,1508126,Ulianópolis,2.8037823687908803e-06,50,17003.0,step_240
specialized_security,1508159,Uruará,1.5553126565686383e-05,64,15110.0,step_240
specialized_security,1508209,Vigia,4.808096876797566e-06,100,24110.0,step_240
specialized_security,1508308,Viseu,2.6343530926430333e-06,113,24311.0,step_240
specialized_security,1508357,Vitória do Xingu,1.0738139724674094e-05,36,6678.0,step_240
specialized_security,1508407,Xinguara,1.436916294399133e-05,92,25086.0,step_240
creas,1500107,Abaetetuba,1.8437297351564022e-05,189,61390.0,exponential_120_half60
creas,1500131,Abel Figueiredo,3.398488086803096e-05,11,2904.0,exponential_120_half60
creas,1500206,Acará,1.6426387341100456e-05,128,21279.0,exponential_120_half60
creas,1500347,Água Azul do Norte,5.00489061544162e-05,38,7078.0,exponential_120_half60
creas,1500404,Alenquer,4.0102216737498185e-05,64,24692.0,exponential_120_half60
creas,1500503,Almeirim,7.810669374365383e-05,44,12803.0,exponential_120_half60
creas,1500602,Altamira,4.73581751381696e-05,254,57798.0,exponential_120_half60
creas,1500701,Anajás,0.0001633986928104575,11,6120.0,exponential_120_half60
creas,1500800,Ananindeua,2.6028896617226522e-05,637,216395.0,exponential_120_half60
creas,1500859,Anapu,6.67000047292273e-05,42,11682.0,exponential_120_half60
creas,1500909,Augusto Corrêa,3.712085489935143e-05,85,19652.0,exponential_120_half60
creas,1500958,Aurora do Pará,4.452045893822304e-05,40,9167.0,exponential_120_half60
creas,1501006,Aveiro,0.00021912248177810193,24,4724.0,exponential_120_half60
creas,1501105,Bagre,8.567835344152833e-07,18,6788.0,exponential_120_half60
creas,1501204,Baião,2.9567824962420154e-05,61,20104.0,exponential_120_half60
creas,1501253,Bannach,3.131251735712414e-05,11,1582.0,exponential_120_half60
creas,1501303,Barcarena,1.250583481062884e-05,238,57552.0,exponential_120_half60
creas,1501402,Belém,2.2237978805352932e-05,1874,637628.0,exponential_120_half60
creas,1501451,Belterra,2.024028543654949e-05,43,7617.0,exponential_120_half60
creas,1501501,Benevides,3.097610798893242e-05,181,30532.0,exponential_120_half60
creas,1501576,Bom Jesus do Tocantins,3.78600200109168e-05,35,7433.0,exponential_120_half60
creas,1501600,Bonito,6.516931060490864e-05,26,5332.0,exponential_120_half60
creas,1501709,Bragança,4.271792693214645e-05,195,55750.0,exponential_120_half60
creas,1501725,Brasil Novo,6.347041190228431e-05,37,8590.0,exponential_120_half60
creas,1501758,Brejo Grande do Araguaia,3.53154242516476e-05,17,2980.0,exponential_120_half60
creas,1501782,Breu Branco,2.889564645115923e-05,79,20704.0,exponential_120_half60
creas,1501808,Breves,3.461764807698965e-05,64,28887.0,exponential_120_half60
creas,1501907,Bujaru,2.3135848936030226e-05,39,7707.0,exponential_120_half60
creas,1501956,Cachoeira do Piriá,4.0131150883298395e-05,46,8304.0,exponential_120_half60
creas,1502004,Cachoeira do Arari,0.00013264358668258389,26,7539.0,exponential_120_half60
creas,1502103,Cametá,4.4232285984289655e-05,139,42529.0,exponential_120_half60
creas,1502152,Canaã dos Carajás,3.0053566554530627e-05,108,36539.0,exponential_120_half60
creas,1502202,Capanema,6.448136887860936e-05,118,35064.0,exponential_120_half60
creas,1502301,Capitão Poço,5.7214517217269595e-05,132,25741.0,exponential_120_half60
creas,1502400,Castanhal,5.064054822726496e-05,340,97495.0,exponential_120_half60
creas,1502509,Chaves,0.00043159257660768246,4,2317.0,exponential_120_half60
creas,1502608,Colares,1.1140729399714239e-05,33,6118.0,exponential_120_half60
creas,1502707,Conceição do Araguaia,3.560461896127674e-05,79,20299.0,exponential_120_half60
creas,1502756,Concórdia do Pará,3.106520379441426e-05,66,12238.0,exponential_120_half60
creas,1502764,Cumaru do Norte,4.175760879930961e-05,20,4478.0,exponential_120_half60
creas,1502772,Curionópolis,2.319325808937614e-05,49,9754.0,exponential_120_half60
creas,1502806,Curralinho,0.00015179113539769278,12,6588.0,exponential_120_half60
creas,1502855,Curuá,8.434289555095554e-05,27,4836.0,exponential_120_half60
creas,1502905,Curuçá,2.0386579840507766e-05,87,19885.0,exponential_120_half60
creas,1502939,Dom Eliseu,3.572647092548002e-05,69,29239.0,exponential_120_half60
creas,1502954,Eldorado do Carajás,4.306462878344369e-05,55,12850.0,exponential_120_half60
creas,1503002,Faro,0.00016989460993195856,21,3965.0,exponential_120_half60
creas,1503044,Floresta do Araguaia,4.094913959663163e-05,31,7174.0,exponential_120_half60
creas,1503077,Garrafão do Norte,4.208087703618118e-05,52,10813.0,exponential_120_half60
creas,1503093,Goianésia do Pará,3.8186454472055173e-05,50,11198.0,exponential_120_half60
creas,1503101,Gurupá,0.00015444015444015442,14,6475.0,exponential_120_half60
creas,1503200,Igarapé-Açu,5.798061124113343e-05,61,16638.0,exponential_120_half60
creas,1503309,Igarapé-Miri,2.497209837786397e-05,52,16689.0,exponential_120_half60
creas,1503408,Inhangapi,3.522822868415326e-05,27,4748.0,exponential_120_half60
creas,1503457,Ipixuna do Pará,3.987007541694427e-05,63,11531.0,exponential_120_half60
creas,1503507,Irituia,5.793968820825667e-05,80,12734.0,exponential_120_half60
creas,1503606,Itaituba,1.998844965321661e-05,202,58684.0,exponential_120_half60
creas,1503705,Itupiranga,2.4803475368016285e-05,94,19975.0,exponential_120_half60
creas,1503754,Jacareacanga,0.0001819836214740673,23,5495.0,exponential_120_half60
creas,1503804,Jacundá,3.082131956993334e-05,86,18315.0,exponential_120_half60
creas,1503903,Juruti,4.985746124261464e-05,50,17868.0,exponential_120_half60
creas,1504000,Limoeiro do Ajuru,5.7979681608329106e-05,11,4370.0,exponential_120_half60
creas,1504059,Mãe do Rio,5.3475998411662195e-05,46,17225.0,exponential_120_half60
creas,1504109,Magalhães Barata,2.8498920745403448e-05,20,3887.0,exponential_120_half60
creas,1504208,Marabá,5.1027447650085035e-05,474,127275.0,exponential_120_half60
creas,1504307,Maracanã,3.080946199871833e-05,81,12462.0,exponential_120_half60
creas,1504406,Marapanim,1.9900929627929573e-05,77,12496.0,exponential_120_half60
creas,1504422,Marituba,2.9499006441783874e-05,218,53590.0,exponential_120_half60
creas,1504455,Medicilândia,6.419385942124358e-05,33,7996.0,exponential_120_half60
creas,1504505,Melgaço,0.00020255215718047398,9,4937.0,exponential_120_half60
creas,1504604,Mocajuba,3.540268889455128e-05,36,11153.0,exponential_120_half60
creas,1504703,Moju,1.9343335231576555e-05,134,28780.0,exponential_120_half60
creas,1504752,Mojuí dos Campos,1.7886104468360616e-05,37,9118.0,exponential_120_half60
creas,1504802,Monte Alegre,5.7802378593683686e-05,95,25730.0,exponential_120_half60
creas,1504901,Muaná,9.607070804111828e-05,25,10409.0,exponential_120_half60
creas,1504950,Nova Esperança do Piriá,3.766919397034693e-05,32,8302.0,exponential_120_half60
creas,1504976,Nova Ipixuna,4.3067561776057875e-05,25,5349.0,exponential_120_half60
creas,1505007,Nova Timboteua,6.464876527433009e-05,31,5955.0,exponential_120_half60
creas,1505031,Novo Progresso,5.293133329043904e-05,57,15730.0,exponential_120_half60
creas,1505064,Novo Repartimento,3.640280992561145e-05,93,21996.0,exponential_120_half60
creas,1505106,Óbidos,7.56232915143335e-05,74,18742.0,exponential_120_half60
creas,1505205,Oeiras do Pará,9.891664459155521e-05,50,10899.0,exponential_120_half60
creas,1505304,Oriximiná,4.617638285691535e-05,65,25385.0,exponential_120_half60
creas,1505403,Ourém,6.320412693277435e-05,47,8650.0,exponential_120_half60
creas,1505437,Ourilândia do Norte,6.607813941858165e-05,62,15106.0,exponential_120_half60
creas,1505486,Pacajá,6.783177289943958e-05,64,14166.0,exponential_120_half60
creas,1505494,Palestina do Pará,3.070488822699949e-05,13,2963.0,exponential_120_half60
creas,1505502,Paragominas,3.0062190508222354e-05,198,51977.0,exponential_120_half60
creas,1505536,Parauapebas,1.7012383233538202e-05,444,132408.0,exponential_120_half60
creas,1505551,Pau D'Arco,6.23347090698252e-05,13,2610.0,exponential_120_half60
creas,1505601,Peixe-Boi,6.221675824692367e-05,22,4059.0,exponential_120_half60
creas,1505635,Piçarra,2.4674013799496588e-05,28,4910.0,exponential_120_half60
creas,1505650,Placas,8.56379439412431e-05,31,5696.0,exponential_120_half60
creas,1505700,Ponta de Pedras,0.0001243471773190749,25,8042.0,exponential_120_half60
creas,1505809,Portel,6.410667350471184e-05,29,15599.0,exponential_120_half60
creas,1505908,Porto de Moz,5.789624397493239e-09,24,10600.0,exponential_120_half60
creas,1506005,Prainha,4.391522788766051e-05,49,12430.0,exponential_120_half60
creas,1506104,Primavera,5.4630435092560786e-05,21,5030.0,exponential_120_half60
creas,1506112,Quatipuru,4.227679247044274e-05,23,5675.0,exponential_120_half60
creas,1506138,Redenção,6.223096045314858e-05,162,42397.0,exponential_120_half60
creas,1506161,Rio Maria,5.052650640490868e-05,31,8402.0,exponential_120_half60
creas,1506187,Rondon do Pará,3.214163212064818e-05,62,22229.0,exponential_120_half60
creas,1506195,Rurópolis,6.333206647516716e-05,53,15024.0,exponential_120_half60
creas,1506203,Salinópolis,3.828407701456992e-05,73,21950.0,exponential_120_half60
creas,1506302,Salvaterra,9.165902841429878e-05,55,10910.0,exponential_120_half60
creas,1506351,Santa Bárbara do Pará,2.5754336681135673e-05,44,10013.0,exponential_120_half60
creas,1506401,Santa Cruz do Arari,0.0,8,2852.0,exponential_120_half60
creas,1506500,Santa Izabel do Pará,3.928276604682656e-05,115,32345.0,exponential_120_half60
creas,1506559,Santa Luzia do Pará,5.401716198692435e-05,46,8898.0,exponential_120_half60
creas,1506583,Santa Maria das Barreiras,3.0207188772647708e-05,38,6519.0,exponential_120_half60
creas,1506609,Santa Maria do Pará,6.563665828324365e-05,56,12204.0,exponential_120_half60
creas,1506708,Santana do Araguaia,5.808134233665065e-05,73,14754.0,exponential_120_half60
creas,1506807,Santarém,1.806031283296934e-05,529,156731.0,exponential_120_half60
creas,1506906,Santarém Novo,5.24645945229753e-05,16,2457.0,exponential_120_half60
creas,1507003,Santo Antônio do Tauá,2.8291076271651908e-05,55,13411.0,exponential_120_half60
creas,1507102,São Caetano de Odivelas,1.602931207213215e-05,42,7848.0,exponential_120_half60
creas,1507151,São Domingos do Araguaia,5.140008271762326e-05,33,9615.0,exponential_120_half60
creas,1507201,São Domingos do Capim,3.109352979689618e-05,44,10381.0,exponential_120_half60
creas,1507300,São Félix do Xingu,3.378269965758501e-05,128,25504.0,exponential_120_half60
creas,1507409,São Francisco do Pará,4.815885415072751e-05,27,6944.0,exponential_120_half60
creas,1507458,São Geraldo do Araguaia,3.4266476546318716e-05,47,10931.0,exponential_120_half60
creas,1507466,São João da Ponta,2.0158348813061987e-05,18,2001.0,exponential_120_half60
creas,1507474,São João de Pirabas,4.8454467883425126e-05,36,8770.0,exponential_120_half60
creas,1507508,São João do Araguaia,4.9752918466836434e-05,33,5932.0,exponential_120_half60
creas,1507607,São Miguel do Guamá,6.10158580345841e-05,100,25115.0,exponential_120_half60
creas,1507706,São Sebastião da Boa Vista,0.00017995321216483713,16,5557.0,exponential_120_half60
creas,1507755,Sapucaia,4.3359676556467116e-05,11,2879.0,exponential_120_half60
creas,1507805,Senador José Porfírio,1.1859158586894379e-06,31,6913.0,exponential_120_half60
creas,1507904,Soure,8.28363154406892e-05,32,12072.0,exponential_120_half60
creas,1507953,Tailândia,3.6227897805210226e-05,123,33966.0,exponential_120_half60
creas,1507961,Terra Alta,3.213726692223284e-05,23,4958.0,exponential_120_half60
creas,1507979,Terra Santa,0.00015689629807781564,25,8173.0,exponential_120_half60
creas,1508001,Tomé-Açu,2.103405254736652e-05,117,30224.0,exponential_120_half60
creas,1508035,Tracuateua,4.96671318370661e-05,41,9773.0,exponential_120_half60
creas,1508050,Trairão,0.0,31,6744.0,exponential_120_half60
creas,1508084,Tucumã,6.675626843633736e-05,69,18469.0,exponential_120_half60
creas,1508100,Tucuruí,2.9210688455128426e-05,158,44448.0,exponential_120_half60
creas,1508126,Ulianópolis,3.7052069614059977e-05,50,17003.0,exponential_120_half60
creas,1508159,Uruará,9.267580842680464e-05,64,15110.0,exponential_120_half60
creas,1508209,Vigia,2.0299463337246595e-05,100,24110.0,exponential_120_half60
creas,1508308,Viseu,3.3482472961642814e-05,113,24311.0,exponential_120_half60
creas,1508357,Vitória do Xingu,4.619060530147809e-05,36,6678.0,exponential_120_half60
creas,1508407,Xinguara,5.803565176039916e-05,92,25086.0,exponential_120_half60
health,1500107,Abaetetuba,6.599626016107378e-06,189,61390.0,exponential_120_half60
health,1500131,Abel Figueiredo,3.0188081157325625e-06,11,2904.0,exponential_120_half60
health,1500206,Acará,6.849407014155361e-06,128,21279.0,exponential_120_half60
health,1500347,Água Azul do Norte,1.6004296145543314e-05,38,7078.0,exponential_120_half60
health,1500404,Alenquer,0.0,64,24692.0,exponential_120_half60
health,1500503,Almeirim,0.0,44,12803.0,exponential_120_half60
health,1500602,Altamira,3.935046112214342e-05,254,57798.0,exponential_120_half60
health,1500701,Anajás,0.0,11,6120.0,exponential_120_half60
health,1500800,Ananindeua,1.1226756285674298e-05,637,216395.0,exponential_120_half60
health,1500859,Anapu,1.8006393260613923e-05,42,11682.0,exponential_120_half60
health,1500909,Augusto Corrêa,1.6048021318745068e-05,85,19652.0,exponential_120_half60
health,1500958,Aurora do Pará,3.715561949739979e-05,40,9167.0,exponential_120_half60
health,1501006,Aveiro,6.81532929573651e-05,24,4724.0,exponential_120_half60
health,1501105,Bagre,0.0,18,6788.0,exponential_120_half60
health,1501204,Baião,1.7039300811804262e-05,61,20104.0,exponential_120_half60
health,1501253,Bannach,7.906560346160302e-06,11,1582.0,exponential_120_half60
health,1501303,Barcarena,5.975247337841048e-06,238,57552.0,exponential_120_half60
health,1501402,Belém,9.5895424014352e-06,1874,637628.0,exponential_120_half60
health,1501451,Belterra,3.3853871624983143e-05,43,7617.0,exponential_120_half60
health,1501501,Benevides,1.0916810634558731e-05,181,30532.0,exponential_120_half60
health,1501576,Bom Jesus do Tocantins,3.8079415733079934e-06,35,7433.0,exponential_120_half60
health,1501600,Bonito,3.298179958406279e-05,26,5332.0,exponential_120_half60
health,1501709,Bragança,1.4328859876927505e-05,195,55750.0,exponential_120_half60
health,1501725,Brasil Novo,3.168646311768314e-05,37,8590.0,exponential_120_half60
health,1501758,Brejo Grande do Araguaia,1.7111800472720697e-06,17,2980.0,exponential_120_half60
health,1501782,Breu Branco,5.577156608819288e-07,79,20704.0,exponential_120_half60
health,1501808,Breves,3.461764807698964e-05,64,28887.0,exponential_120_half60
health,1501907,Bujaru,1.7292516104904774e-05,39,7707.0,exponential_120_half60
health,1501956,Cachoeira do Piriá,1.8378688155837167e-05,46,8304.0,exponential_120_half60
health,1502004,Cachoeira do Arari,0.0,26,7539.0,exponential_120_half60
health,1502103,Cametá,2.867001768808572e-06,139,42529.0,exponential_120_half60
health,1502152,Canaã dos Carajás,7.832779358018384e-06,108,36539.0,exponential_120_half60
health,1502202,Capanema,2.6419292529292797e-05,118,35064.0,exponential_120_half60
health,1502301,Capitão Poço,2.9310716750729605e-05,132,25741.0,exponential_120_half60
health,1502400,Castanhal,2.3889719669451424e-05,340,97495.0,exponential_120_half60
health,1502509,Chaves,0.0,4,2317.0,exponential_120_half60
health,1502608,Colares,1.6103171943598348e-06,33,6118.0,exponential_120_half60
health,1502707,Conceição do Araguaia,5.889427488371755e-06,79,20299.0,exponential_120_half60
health,1502756,Concórdia do Pará,2.6466899016782138e-05,66,12238.0,exponential_120_half60
health,1502764,Cumaru do Norte,4.388392881762774e-06,20,4478.0,exponential_120_half60
health,1502772,Curionópolis,6.252960049654099e-06,49,9754.0,exponential_120_half60
health,1502806,Curralinho,0.0,12,6588.0,exponential_120_half60
health,1502855,Curuá,0.0,27,4836.0,exponential_120_half60
health,1502905,Curuçá,5.276767483544071e-06,87,19885.0,exponential_120_half60
health,1502939,Dom Eliseu,0.0,69,29239.0,exponential_120_half60
health,1502954,Eldorado do Carajás,8.818692400931886e-06,55,12850.0,exponential_120_half60
health,1503002,Faro,0.0,21,3965.0,exponential_120_half60
health,1503044,Floresta do Araguaia,8.674082395354254e-06,31,7174.0,exponential_120_half60
health,1503077,Garrafão do Norte,2.1667468946614072e-05,52,10813.0,exponential_120_half60
health,1503093,Goianésia do Pará,2.572074843812962e-06,50,11198.0,exponential_120_half60
health,1503101,Gurupá,0.0,14,6475.0,exponential_120_half60
health,1503200,Igarapé-Açu,2.6108616364910924e-05,61,16638.0,exponential_120_half60
health,1503309,Igarapé-Miri,1.2055439574175855e-05,52,16689.0,exponential_120_half60
health,1503408,Inhangapi,1.5865757691067282e-05,27,4748.0,exponential_120_half60
health,1503457,Ipixuna do Pará,2.518948009371866e-05,63,11531.0,exponential_120_half60
health,1503507,Irituia,3.4298677483388064e-05,80,12734.0,exponential_120_half60
health,1503606,Itaituba,0.0003426972156091421,202,58684.0,exponential_120_half60
health,1503705,Itupiranga,2.217980896440537e-06,94,19975.0,exponential_120_half60
health,1503754,Jacareacanga,0.0,23,5495.0,exponential_120_half60
health,1503804,Jacundá,4.835956204740574e-06,86,18315.0,exponential_120_half60
health,1503903,Juruti,9.97819977510363e-05,50,17868.0,exponential_120_half60
health,1504000,Limoeiro do Ajuru,0.0,11,4370.0,exponential_120_half60
health,1504059,Mãe do Rio,4.034384999975034e-05,46,17225.0,exponential_120_half60
health,1504109,Magalhães Barata,6.7578038605676365e-06,20,3887.0,exponential_120_half60
health,1504208,Marabá,5.901873059112748e-06,474,127275.0,exponential_120_half60
health,1504307,Maracanã,7.945866757262752e-06,81,12462.0,exponential_120_half60
health,1504406,Marapanim,3.5708217592460898e-06,77,12496.0,exponential_120_half60
health,1504422,Marituba,1.1795654613608863e-05,218,53590.0,exponential_120_half60
health,1504455,Medicilândia,2.0181754388563078e-05,33,7996.0,exponential_120_half60
health,1504505,Melgaço,0.0,9,4937.0,exponential_120_half60
health,1504604,Mocajuba,1.72401959078162e-05,36,11153.0,exponential_120_half60
health,1504703,Moju,5.7143698622123995e-06,134,28780.0,exponential_120_half60
health,1504752,Mojuí dos Campos,2.1846930609782825e-05,37,9118.0,exponential_120_half60
health,1504802,Monte Alegre,0.0,95,25730.0,exponential_120_half60
health,1504901,Muaná,0.0,25,10409.0,exponential_120_half60
health,1504950,Nova Esperança do Piriá,1.7018356710116952e-05,32,8302.0,exponential_120_half60
health,1504976,Nova Ipixuna,7.253064058236094e-06,25,5349.0,exponential_120_half60
health,1505007,Nova Timboteua,2.846857598864166e-05,31,5955.0,exponential_120_half60
health,1505031,Novo Progresso,0.0,57,15730.0,exponential_120_half60
health,1505064,Novo Repartimento,1.3379337697223641e-05,93,21996.0,exponential_120_half60
health,1505106,Óbidos,0.0,74,18742.0,exponential_120_half60
health,1505205,Oeiras do Pará,0.0,50,10899.0,exponential_120_half60
health,1505304,Oriximiná,0.0,65,25385.0,exponential_120_half60
health,1505403,Ourém,2.8752562289769344e-05,47,8650.0,exponential_120_half60
health,1505437,Ourilândia do Norte,2.370466845621342e-05,62,15106.0,exponential_120_half60
health,1505486,Pacajá,3.4751741933281806e-05,64,14166.0,exponential_120_half60
health,1505494,Palestina do Pará,1.6838142610728063e-06,13,2963.0,exponential_120_half60
health,1505502,Paragominas,1.5147762808125592e-05,198,51977.0,exponential_120_half60
health,1505536,Parauapebas,5.12122256576283e-06,444,132408.0,exponential_120_half60
health,1505551,Pau D'Arco,1.66114016913804e-05,13,2610.0,exponential_120_half60
health,1505601,Peixe-Boi,2.554907762730805e-05,22,4059.0,exponential_120_half60
health,1505635,Piçarra,1.5345022718634872e-06,28,4910.0,exponential_120_half60
health,1505650,Placas,6.717348817833645e-05,31,5696.0,exponential_120_half60
health,1505700,Ponta de Pedras,0.0,25,8042.0,exponential_120_half60
health,1505809,Portel,0.0,29,15599.0,exponential_120_half60
health,1505908,Porto de Moz,9.434702321204884e-05,24,10600.0,exponential_120_half60
health,1506005,Prainha,1.0927327944422783e-07,49,12430.0,exponential_120_half60
health,1506104,Primavera,1.2707340700210095e-05,21,5030.0,exponential_120_half60
health,1506112,Quatipuru,9.93512927029692e-06,23,5675.0,exponential_120_half60
health,1506138,Redenção,1.817233240674935e-05,162,42397.0,exponential_120_half60
health,1506161,Rio Maria,1.5204805948413351e-05,31,8402.0,exponential_120_half60
health,1506187,Rondon do Pará,2.1518999170146944e-06,62,22229.0,exponential_120_half60
health,1506195,Rurópolis,0.00018415907567176677,53,15024.0,exponential_120_half60
health,1506203,Salinópolis,9.201891179646789e-06,73,21950.0,exponential_120_half60
health,1506302,Salvaterra,0.0,55,10910.0,exponential_120_half60
health,1506351,Santa Bárbara do Pará,9.062422855900649e-06,44,10013.0,exponential_120_half60
health,1506401,Santa Cruz do Arari,0.0,8,2852.0,exponential_120_half60
health,1506500,Santa Izabel do Pará,1.2709456310631296e-05,115,32345.0,exponential_120_half60
health,1506559,Santa Luzia do Pará,1.8263000905036704e-05,46,8898.0,exponential_120_half60
health,1506583,Santa Maria das Barreiras,2.6639565236001352e-05,38,6519.0,exponential_120_half60
health,1506609,Santa Maria do Pará,3.198326094575974e-05,56,12204.0,exponential_120_half60
health,1506708,Santana do Araguaia,5.812160294174202e-05,73,14754.0,exponential_120_half60
health,1506807,Santarém,1.3828974698681698e-05,529,156731.0,exponential_120_half60
health,1506906,Santarém Novo,1.3962883040844574e-05,16,2457.0,exponential_120_half60
health,1507003,Santo Antônio do Tauá,9.266255056087903e-06,55,13411.0,exponential_120_half60
health,1507102,São Caetano de Odivelas,2.502885804096527e-06,42,7848.0,exponential_120_half60
health,1507151,São Domingos do Araguaia,3.3447910041858345e-06,33,9615.0,exponential_120_half60
health,1507201,São Domingos do Capim,2.7361401322462968e-05,44,10381.0,exponential_120_half60
health,1507300,São Félix do Xingu,5.210738304233407e-06,128,25504.0,exponential_120_half60
health,1507409,São Francisco do Pará,2.1943476537363636e-05,27,6944.0,exponential_120_half60
health,1507458,São Geraldo do Araguaia,1.8828711024278667e-07,47,10931.0,exponential_120_half60
health,1507466,São João da Ponta,5.312435371529067e-06,18,2001.0,exponential_120_half60
health,1507474,São João de Pirabas,1.1274938197682086e-05,36,8770.0,exponential_120_half60
health,1507508,São João do Araguaia,3.807659705557752e-06,33,5932.0,exponential_120_half60
health,1507607,São Miguel do Guamá,3.390909469937493e-05,100,25115.0,exponential_120_half60
health,1507706,São Sebastião da Boa Vista,0.0,16,5557.0,exponential_120_half60
health,1507755,Sapucaia,1.3616508100058826e-05,11,2879.0,exponential_120_half60
health,1507805,Senador José Porfírio,0.0,31,6913.0,exponential_120_half60
health,1507904,Soure,0.0,32,12072.0,exponential_120_half60
health,1507953,Tailândia,6.906633104941738e-06,123,33966.0,exponential_120_half60
health,1507961,Terra Alta,8.146239729943343e-06,23,4958.0,exponential_120_half60
health,1507979,Terra Santa,0.0,25,8173.0,exponential_120_half60
health,1508001,Tomé-Açu,1.2679296768596871e-05,117,30224.0,exponential_120_half60
health,1508035,Tracuateua,1.3177267003596983e-05,41,9773.0,exponential_120_half60
health,1508050,Trairão,9.936862703750375e-05,31,6744.0,exponential_120_half60
health,1508084,Tucumã,2.136561979351596e-05,69,18469.0,exponential_120_half60
health,1508100,Tucuruí,6.893956341133229e-08,158,44448.0,exponential_120_half60
health,1508126,Ulianópolis,0.0,50,17003.0,exponential_120_half60
health,1508159,Uruará,2.3126317070707463e-05,64,15110.0,exponential_120_half60
health,1508209,Vigia,5.052843630514942e-06,100,24110.0,exponential_120_half60
health,1508308,Viseu,2.2591744985878062e-05,113,24311.0,exponential_120_half60
health,1508357,Vitória do Xingu,4.214134712847739e-05,36,6678.0,exponential_120_half60
health,1508407,Xinguara,2.0924321568231422e-05,92,25086.0,exponential_120_half60
specialized_justice,1500107,Abaetetuba,1.3236052676244425e-06,189,61390.0,exponential_120_half60
specialized_justice,1500131,Abel Figueiredo,2.01106168535904e-06,11,2904.0,exponential_120_half60
specialized_justice,1500206,Acará,1.4972647430543015e-06,128,21279.0,exponential_120_half60
specialized_justice,1500347,Água Azul do Norte,0.0,38,7078.0,exponential_120_half60
specialized_justice,1500404,Alenquer,0.0,64,24692.0,exponential_120_half60
specialized_justice,1500503,Almeirim,0.0,44,12803.0,exponential_120_half60
specialized_justice,1500602,Altamira,0.0,254,57798.0,exponential_120_half60
specialized_justice,1500701,Anajás,0.0,11,6120.0,exponential_120_half60
specialized_justice,1500800,Ananindeua,3.2311674791853414e-06,637,216395.0,exponential_120_half60
specialized_justice,1500859,Anapu,0.0,42,11682.0,exponential_120_half60
specialized_justice,1500909,Augusto Corrêa,0.0,85,19652.0,exponential_120_half60
specialized_justice,1500958,Aurora do Pará,3.205928907620615e-07,40,9167.0,exponential_120_half60
specialized_justice,1501006,Aveiro,0.0,24,4724.0,exponential_120_half60
specialized_justice,1501105,Bagre,0.0,18,6788.0,exponential_120_half60
specialized_justice,1501204,Baião,0.0,61,20104.0,exponential_120_half60
specialized_justice,1501253,Bannach,0.0,11,1582.0,exponential_120_half60
specialized_justice,1501303,Barcarena,1.4162389442079228e-06,238,57552.0,exponential_120_half60
specialized_justice,1501402,Belém,3.163182133523568e-06,1874,637628.0,exponential_120_half60
specialized_justice,1501451,Belterra,4.150849922991463e-06,43,7617.0,exponential_120_half60
specialized_justice,1501501,Benevides,2.966545879989908e-06,181,30532.0,exponential_120_half60
specialized_justice,1501576,Bom Jesus do Tocantins,2.4982092712310824e-06,35,7433.0,exponential_120_half60
specialized_justice,1501600,Bonito,9.568931462189726e-07,26,5332.0,exponential_120_half60
specialized_justice,1501709,Bragança,2.4785243956973346e-07,195,55750.0,exponential_120_half60
specialized_justice,1501725,Brasil Novo,0.0,37,8590.0,exponential_120_half60
specialized_justice,1501758,Brejo Grande do Araguaia,1.9867481659366076e-06,17,2980.0,exponential_120_half60
specialized_justice,1501782,Breu Branco,0.0,79,20704.0,exponential_120_half60
specialized_justice,1501808,Breves,0.0,64,28887.0,exponential_120_half60
specialized_justice,1501907,Bujaru,1.7825939513619108e-06,39,7707.0,exponential_120_half60
specialized_justice,1501956,Cachoeira do Piriá,1.0449556204452033e-07,46,8304.0,exponential_120_half60
specialized_justice,1502004,Cachoeira do Arari,0.0,26,7539.0,exponential_120_half60
specialized_justice,1502103,Cametá,0.0,139,42529.0,exponential_120_half60
specialized_justice,1502152,Canaã dos Carajás,0.0,108,36539.0,exponential_120_half60
specialized_justice,1502202,Capanema,8.059826392401155e-07,118,35064.0,exponential_120_half60
specialized_justice,1502301,Capitão Poço,3.170533482265698e-07,132,25741.0,exponential_120_half60
specialized_justice,1502400,Castanhal,2.660964392314638e-06,340,97495.0,exponential_120_half60
specialized_justice,1502509,Chaves,0.0,4,2317.0,exponential_120_half60
specialized_justice,1502608,Colares,1.4878614102555117e-06,33,6118.0,exponential_120_half60
specialized_justice,1502707,Conceição do Araguaia,0.0,79,20299.0,exponential_120_half60
specialized_justice,1502756,Concórdia do Pará,8.899590877916993e-07,66,12238.0,exponential_120_half60
specialized_justice,1502764,Cumaru do Norte,0.0,20,4478.0,exponential_120_half60
specialized_justice,1502772,Curionópolis,1.676255111400551e-06,49,9754.0,exponential_120_half60
specialized_justice,1502806,Curralinho,0.0,12,6588.0,exponential_120_half60
specialized_justice,1502855,Curuá,0.0,27,4836.0,exponential_120_half60
specialized_justice,1502905,Curuçá,1.510746068472008e-06,87,19885.0,exponential_120_half60
specialized_justice,1502939,Dom Eliseu,0.0,69,29239.0,exponential_120_half60
specialized_justice,1502954,Eldorado do Carajás,2.3215084329692808e-06,55,12850.0,exponential_120_half60
specialized_justice,1503002,Faro,0.0,21,3965.0,exponential_120_half60
specialized_justice,1503044,Floresta do Araguaia,0.0,31,7174.0,exponential_120_half60
specialized_justice,1503077,Garrafão do Norte,3.812665291365255e-09,52,10813.0,exponential_120_half60
specialized_justice,1503093,Goianésia do Pará,0.0,50,11198.0,exponential_120_half60
specialized_justice,1503101,Gurupá,0.0,14,6475.0,exponential_120_half60
specialized_justice,1503200,Igarapé-Açu,1.7683933341184064e-06,61,16638.0,exponential_120_half60
specialized_justice,1503309,Igarapé-Miri,7.441295969109097e-07,52,16689.0,exponential_120_half60
specialized_justice,1503408,Inhangapi,2.164347428500066e-06,27,4748.0,exponential_120_half60
specialized_justice,1503457,Ipixuna do Pará,4.286002154256259e-08,63,11531.0,exponential_120_half60
specialized_justice,1503507,Irituia,5.980899212254988e-07,80,12734.0,exponential_120_half60
specialized_justice,1503606,Itaituba,0.0,202,58684.0,exponential_120_half60
specialized_justice,1503705,Itupiranga,2.377494800582283e-06,94,19975.0,exponential_120_half60
specialized_justice,1503754,Jacareacanga,0.0,23,5495.0,exponential_120_half60
specialized_justice,1503804,Jacundá,1.7871610952161141e-06,86,18315.0,exponential_120_half60
specialized_justice,1503903,Juruti,0.0,50,17868.0,exponential_120_half60
specialized_justice,1504000,Limoeiro do Ajuru,0.0,11,4370.0,exponential_120_half60
specialized_justice,1504059,Mãe do Rio,4.020029996937921e-07,46,17225.0,exponential_120_half60
specialized_justice,1504109,Magalhães Barata,6.638230871327744e-07,20,3887.0,exponential_120_half60
specialized_justice,1504208,Marabá,4.482726842267032e-06,474,127275.0,exponential_120_half60
specialized_justice,1504307,Maracanã,6.887081205433054e-07,81,12462.0,exponential_120_half60
specialized_justice,1504406,Marapanim,1.0095404319697098e-06,77,12496.0,exponential_120_half60
specialized_justice,1504422,Marituba,3.1684103968638377e-06,218,53590.0,exponential_120_half60
specialized_justice,1504455,Medicilândia,0.0,33,7996.0,exponential_120_half60
specialized_justice,1504505,Melgaço,0.0,9,4937.0,exponential_120_half60
specialized_justice,1504604,Mocajuba,0.0,36,11153.0,exponential_120_half60
specialized_justice,1504703,Moju,7.942125058025797e-07,134,28780.0,exponential_120_half60
specialized_justice,1504752,Mojuí dos Campos,4.645370996257643e-06,37,9118.0,exponential_120_half60
specialized_justice,1504802,Monte Alegre,0.0,95,25730.0,exponential_120_half60
specialized_justice,1504901,Muaná,0.0,25,10409.0,exponential_120_half60
specialized_justice,1504950,Nova Esperança do Piriá,0.0,32,8302.0,exponential_120_half60
specialized_justice,1504976,Nova Ipixuna,2.987753211988616e-06,25,5349.0,exponential_120_half60
specialized_justice,1505007,Nova Timboteua,1.3261010973132687e-06,31,5955.0,exponential_120_half60
specialized_justice,1505031,Novo Progresso,0.0,57,15730.0,exponential_120_half60
specialized_justice,1505064,Novo Repartimento,5.66806323703319e-08,93,21996.0,exponential_120_half60
specialized_justice,1505106,Óbidos,0.0,74,18742.0,exponential_120_half60
specialized_justice,1505205,Oeiras do Pará,0.0,50,10899.0,exponential_120_half60
specialized_justice,1505304,Oriximiná,0.0,65,25385.0,exponential_120_half60
specialized_justice,1505403,Ourém,4.954938610517799e-07,47,8650.0,exponential_120_half60
specialized_justice,1505437,Ourilândia do Norte,0.0,62,15106.0,exponential_120_half60
specialized_justice,1505486,Pacajá,0.0,64,14166.0,exponential_120_half60
specialized_justice,1505494,Palestina do Pará,1.7733717629995729e-06,13,2963.0,exponential_120_half60
specialized_justice,1505502,Paragominas,0.0,198,51977.0,exponential_120_half60
specialized_justice,1505536,Parauapebas,1.192008995745951e-06,444,132408.0,exponential_120_half60
specialized_justice,1505551,Pau D'Arco,0.0,13,2610.0,exponential_120_half60
specialized_justice,1505601,Peixe-Boi,8.841563448907942e-07,22,4059.0,exponential_120_half60
specialized_justice,1505635,Piçarra,3.187470442610857e-07,28,4910.0,exponential_120_half60
specialized_justice,1505650,Placas,7.944039291033341e-09,31,5696.0,exponential_120_half60
specialized_justice,1505700,Ponta de Pedras,0.0,25,8042.0,exponential_120_half60
specialized_justice,1505809,Portel,0.0,29,15599.0,exponential_120_half60
specialized_justice,1505908,Porto de Moz,0.0,24,10600.0,exponential_120_half60
specialized_justice,1506005,Prainha,5.349248311232844e-08,49,12430.0,exponential_120_half60
specialized_justice,1506104,Primavera,4.409216708695915e-07,21,5030.0,exponential_120_half60
specialized_justice,1506112,Quatipuru,3.4397721396251137e-07,23,5675.0,exponential_120_half60
specialized_justice,1506138,Redenção,0.0,162,42397.0,exponential_120_half60
specialized_justice,1506161,Rio Maria,0.0,31,8402.0,exponential_120_half60
specialized_justice,1506187,Rondon do Pará,1.2173922547405732e-06,62,22229.0,exponential_120_half60
specialized_justice,1506195,Rurópolis,0.0,53,15024.0,exponential_120_half60
specialized_justice,1506203,Salinópolis,3.243974294629449e-07,73,21950.0,exponential_120_half60
specialized_justice,1506302,Salvaterra,0.0,55,10910.0,exponential_120_half60
specialized_justice,1506351,Santa Bárbara do Pará,2.6146195877170053e-06,44,10013.0,exponential_120_half60
specialized_justice,1506401,Santa Cruz do Arari,0.0,8,2852.0,exponential_120_half60
specialized_justice,1506500,Santa Izabel do Pará,2.8353775852563286e-06,115,32345.0,exponential_120_half60
specialized_justice,1506559,Santa Luzia do Pará,4.3383378601906087e-07,46,8898.0,exponential_120_half60
specialized_justice,1506583,Santa Maria das Barreiras,0.0,38,6519.0,exponential_120_half60
specialized_justice,1506609,Santa Maria do Pará,1.8009762991887665e-06,56,12204.0,exponential_120_half60
specialized_justice,1506708,Santana do Araguaia,0.0,73,14754.0,exponential_120_half60
specialized_justice,1506807,Santarém,5.903850052509133e-06,529,156731.0,exponential_120_half60
specialized_justice,1506906,Santarém Novo,5.413313559470634e-07,16,2457.0,exponential_120_half60
specialized_justice,1507003,Santo Antônio do Tauá,2.3781066977379247e-06,55,13411.0,exponential_120_half60
specialized_justice,1507102,São Caetano de Odivelas,1.5702557589426177e-06,42,7848.0,exponential_120_half60
specialized_justice,1507151,São Domingos do Araguaia,3.0671696991786858e-06,33,9615.0,exponential_120_half60
specialized_justice,1507201,São Domingos do Capim,3.3855266133031536e-07,44,10381.0,exponential_120_half60
specialized_justice,1507300,São Félix do Xingu,0.0,128,25504.0,exponential_120_half60
specialized_justice,1507409,São Francisco do Pará,2.0314827425151725e-06,27,6944.0,exponential_120_half60
specialized_justice,1507458,São Geraldo do Araguaia,1.0323696916572109e-06,47,10931.0,exponential_120_half60
specialized_justice,1507466,São João da Ponta,1.561262103889573e-06,18,2001.0,exponential_120_half60
specialized_justice,1507474,São João de Pirabas,3.9215846258714515e-07,36,8770.0,exponential_120_half60
specialized_justice,1507508,São João do Araguaia,3.5071686266211487e-06,33,5932.0,exponential_120_half60
specialized_justice,1507607,São Miguel do Guamá,1.301387542338293e-06,100,25115.0,exponential_120_half60
specialized_justice,1507706,São Sebastião da Boa Vista,0.0,16,5557.0,exponential_120_half60
specialized_justice,1507755,Sapucaia,0.0,11,2879.0,exponential_120_half60
specialized_justice,1507805,Senador José Porfírio,0.0,31,6913.0,exponential_120_half60
specialized_justice,1507904,Soure,0.0,32,12072.0,exponential_120_half60
specialized_justice,1507953,Tailândia,0.0,123,33966.0,exponential_120_half60
specialized_justice,1507961,Terra Alta,2.0527254249942233e-06,23,4958.0,exponential_120_half60
specialized_justice,1507979,Terra Santa,0.0,25,8173.0,exponential_120_half60
specialized_justice,1508001,Tomé-Açu,2.1708423006242573e-09,117,30224.0,exponential_120_half60
specialized_justice,1508035,Tracuateua,3.9773021869650354e-07,41,9773.0,exponential_120_half60
specialized_justice,1508050,Trairão,0.0,31,6744.0,exponential_120_half60
specialized_justice,1508084,Tucumã,0.0,69,18469.0,exponential_120_half60
specialized_justice,1508100,Tucuruí,0.0,158,44448.0,exponential_120_half60
specialized_justice,1508126,Ulianópolis,0.0,50,17003.0,exponential_120_half60
specialized_justice,1508159,Uruará,0.0,64,15110.0,exponential_120_half60
specialized_justice,1508209,Vigia,1.8520606297700587e-06,100,24110.0,exponential_120_half60
specialized_justice,1508308,Viseu,2.8456759500680067e-08,113,24311.0,exponential_120_half60
specialized_justice,1508357,Vitória do Xingu,0.0,36,6678.0,exponential_120_half60
specialized_justice,1508407,Xinguara,8.794976945870868e-08,92,25086.0,exponential_120_half60
specialized_security,1500107,Abaetetuba,4.4137766066884904e-06,189,61390.0,exponential_120_half60
specialized_security,1500131,Abel Figueiredo,2.1482006618371783e-06,11,2904.0,exponential_120_half60
specialized_security,1500206,Acará,3.149848007893863e-06,128,21279.0,exponential_120_half60
specialized_security,1500347,Água Azul do Norte,3.6201781059328075e-06,38,7078.0,exponential_120_half60
specialized_security,1500404,Alenquer,0.0,64,24692.0,exponential_120_half60
specialized_security,1500503,Almeirim,0.0,44,12803.0,exponential_120_half60
specialized_security,1500602,Altamira,1.3358736559129354e-05,254,57798.0,exponential_120_half60
specialized_security,1500701,Anajás,0.0,11,6120.0,exponential_120_half60
specialized_security,1500800,Ananindeua,5.386472039712083e-06,637,216395.0,exponential_120_half60
specialized_security,1500859,Anapu,0.0,42,11682.0,exponential_120_half60
specialized_security,1500909,Augusto Corrêa,4.928991436636478e-06,85,19652.0,exponential_120_half60
specialized_security,1500958,Aurora do Pará,5.168054817758784e-06,40,9167.0,exponential_120_half60
specialized_security,1501006,Aveiro,1.1375786148786112e-06,24,4724.0,exponential_120_half60
specialized_security,1501105,Bagre,8.556281585784807e-07,18,6788.0,exponential_120_half60
specialized_security,1501204,Baião,1.954832440405592e-06,61,20104.0,exponential_120_half60
specialized_security,1501253,Bannach,3.1602435842943774e-06,11,1582.0,exponential_120_half60
specialized_security,1501303,Barcarena,4.373753389506341e-06,238,57552.0,exponential_120_half60
specialized_security,1501402,Belém,4.84964413889846e-06,1874,637628.0,exponential_120_half60
specialized_security,1501451,Belterra,4.146391555040965e-06,43,7617.0,exponential_120_half60
specialized_security,1501501,Benevides,5.0667500638589364e-06,181,30532.0,exponential_120_half60
specialized_security,1501576,Bom Jesus do Tocantins,2.6685679753061327e-06,35,7433.0,exponential_120_half60
specialized_security,1501600,Bonito,5.140007355035086e-06,26,5332.0,exponential_120_half60
specialized_security,1501709,Bragança,6.398645534655821e-06,195,55750.0,exponential_120_half60
specialized_security,1501725,Brasil Novo,1.1142127851840432e-05,37,8590.0,exponential_120_half60
specialized_security,1501758,Brejo Grande do Araguaia,2.0243146593607947e-06,17,2980.0,exponential_120_half60
specialized_security,1501782,Breu Branco,9.475055411070279e-06,79,20704.0,exponential_120_half60
specialized_security,1501808,Breves,3.461764807698965e-05,64,28887.0,exponential_120_half60
specialized_security,1501907,Bujaru,3.12720331378571e-06,39,7707.0,exponential_120_half60
specialized_security,1501956,Cachoeira do Piriá,1.6606974337922542e-06,46,8304.0,exponential_120_half60
specialized_security,1502004,Cachoeira do Arari,0.0,26,7539.0,exponential_120_half60
specialized_security,1502103,Cametá,2.0312016440755646e-05,139,42529.0,exponential_120_half60
specialized_security,1502152,Canaã dos Carajás,9.866639688751161e-06,108,36539.0,exponential_120_half60
specialized_security,1502202,Capanema,5.947755721484673e-06,118,35064.0,exponential_120_half60
specialized_security,1502301,Capitão Poço,2.9695036705247467e-06,132,25741.0,exponential_120_half60
specialized_security,1502400,Castanhal,5.7509070063248774e-06,340,97495.0,exponential_120_half60
specialized_security,1502509,Chaves,0.0,4,2317.0,exponential_120_half60
specialized_security,1502608,Colares,1.4987752841716553e-06,33,6118.0,exponential_120_half60
specialized_security,1502707,Conceição do Araguaia,5.822263010019735e-06,79,20299.0,exponential_120_half60
specialized_security,1502756,Concórdia do Pará,3.248136510378138e-06,66,12238.0,exponential_120_half60
specialized_security,1502764,Cumaru do Norte,3.699263145272164e-06,20,4478.0,exponential_120_half60
specialized_security,1502772,Curionópolis,8.61723513365713e-06,49,9754.0,exponential_120_half60
specialized_security,1502806,Curralinho,0.0,12,6588.0,exponential_120_half60
specialized_security,1502855,Curuá,0.0,27,4836.0,exponential_120_half60
specialized_security,1502905,Curuçá,2.0763268852030545e-06,87,19885.0,exponential_120_half60
specialized_security,1502939,Dom Eliseu,1.8244915101659897e-07,69,29239.0,exponential_120_half60
specialized_security,1502954,Eldorado do Carajás,7.740708491679177e-06,55,12850.0,exponential_120_half60
specialized_security,1503002,Faro,0.0,21,3965.0,exponential_120_half60
specialized_security,1503044,Floresta do Araguaia,4.424142679106293e-06,31,7174.0,exponential_120_half60
specialized_security,1503077,Garrafão do Norte,9.098801819473724e-07,52,10813.0,exponential_120_half60
specialized_security,1503093,Goianésia do Pará,5.512439016057423e-06,50,11198.0,exponential_120_half60
specialized_security,1503101,Gurupá,0.0,14,6475.0,exponential_120_half60
specialized_security,1503200,Igarapé-Açu,4.796353781154276e-06,61,16638.0,exponential_120_half60
specialized_security,1503309,Igarapé-Miri,2.9116771148165357e-06,52,16689.0,exponential_120_half60
specialized_security,1503408,Inhangapi,3.3447778801380646e-06,27,4748.0,exponential_120_half60
specialized_security,1503457,Ipixuna do Pará,6.739162778160768e-06,63,11531.0,exponential_120_half60
specialized_security,1503507,Irituia,4.189637676398468e-06,80,12734.0,exponential_120_half60
specialized_security,1503606,Itaituba,1.694884599930669e-05,202,58684.0,exponential_120_half60
specialized_security,1503705,Itupiranga,2.3255636163888758e-06,94,19975.0,exponential_120_half60
specialized_security,1503754,Jacareacanga,0.0,23,5495.0,exponential_120_half60
specialized_security,1503804,Jacundá,1.9090317694119996e-06,86,18315.0,exponential_120_half60
specialized_security,1503903,Juruti,0.0,50,17868.0,exponential_120_half60
specialized_security,1504000,Limoeiro do Ajuru,1.4550997895779526e-05,11,4370.0,exponential_120_half60
specialized_security,1504059,Mãe do Rio,5.661501759901765e-06,46,17225.0,exponential_120_half60
specialized_security,1504109,Magalhães Barata,1.4883090022375869e-06,20,3887.0,exponential_120_half60
specialized_security,1504208,Marabá,5.843637922158239e-06,474,127275.0,exponential_120_half60
specialized_security,1504307,Maracanã,1.838990083113001e-06,81,12462.0,exponential_120_half60
specialized_security,1504406,Marapanim,1.4112715900873242e-06,77,12496.0,exponential_120_half60
specialized_security,1504422,Marituba,5.421412739522689e-06,218,53590.0,exponential_120_half60
specialized_security,1504455,Medicilândia,7.497000751772805e-06,33,7996.0,exponential_120_half60
specialized_security,1504505,Melgaço,0.0,9,4937.0,exponential_120_half60
specialized_security,1504604,Mocajuba,9.426206281928022e-07,36,11153.0,exponential_120_half60
specialized_security,1504703,Moju,2.9465754548165834e-06,134,28780.0,exponential_120_half60
specialized_security,1504752,Mojuí dos Campos,4.644883200629734e-06,37,9118.0,exponential_120_half60
specialized_security,1504802,Monte Alegre,0.0,95,25730.0,exponential_120_half60
specialized_security,1504901,Muaná,0.0,25,10409.0,exponential_120_half60
specialized_security,1504950,Nova Esperança do Piriá,1.1611252126027541e-06,32,8302.0,exponential_120_half60
specialized_security,1504976,Nova Ipixuna,3.1914950566993453e-06,25,5349.0,exponential_120_half60
specialized_security,1505007,Nova Timboteua,5.1805249091681244e-06,31,5955.0,exponential_120_half60
specialized_security,1505031,Novo Progresso,0.0,57,15730.0,exponential_120_half60
specialized_security,1505064,Novo Repartimento,5.213556935967106e-06,93,21996.0,exponential_120_half60
specialized_security,1505106,Óbidos,0.0,74,18742.0,exponential_120_half60
specialized_security,1505205,Oeiras do Pará,4.405603103616886e-06,50,10899.0,exponential_120_half60
specialized_security,1505304,Oriximiná,0.0,65,25385.0,exponential_120_half60
specialized_security,1505403,Ourém,3.988256111993672e-06,47,8650.0,exponential_120_half60
specialized_security,1505437,Ourilândia do Norte,1.1819136806993532e-05,62,15106.0,exponential_120_half60
specialized_security,1505486,Pacajá,4.460965893918116e-07,64,14166.0,exponential_120_half60
specialized_security,1505494,Palestina do Pará,1.80690362181494e-06,13,2963.0,exponential_120_half60
specialized_security,1505502,Paragominas,1.0962430421374887e-05,198,51977.0,exponential_120_half60
specialized_security,1505536,Parauapebas,1.0140895555278042e-05,444,132408.0,exponential_120_half60
specialized_security,1505551,Pau D'Arco,1.1283833478032724e-05,13,2610.0,exponential_120_half60
specialized_security,1505601,Peixe-Boi,5.3174108671981666e-06,22,4059.0,exponential_120_half60
specialized_security,1505635,Piçarra,1.5044500843780945e-06,28,4910.0,exponential_120_half60
specialized_security,1505650,Placas,7.936747581382152e-09,31,5696.0,exponential_120_half60
specialized_security,1505700,Ponta de Pedras,0.0,25,8042.0,exponential_120_half60
specialized_security,1505809,Portel,0.0,29,15599.0,exponential_120_half60
specialized_security,1505908,Porto de Moz,1.5515983509377358e-09,24,10600.0,exponential_120_half60
specialized_security,1506005,Prainha,5.434677297539714e-08,49,12430.0,exponential_120_half60
specialized_security,1506104,Primavera,4.6511928860221815e-06,21,5030.0,exponential_120_half60
specialized_security,1506112,Quatipuru,4.175080200942145e-06,23,5675.0,exponential_120_half60
specialized_security,1506138,Redenção,1.358697672052489e-05,162,42397.0,exponential_120_half60
specialized_security,1506161,Rio Maria,8.49335548016326e-06,31,8402.0,exponential_120_half60
specialized_security,1506187,Rondon do Pará,1.300409065758956e-06,62,22229.0,exponential_120_half60
specialized_security,1506195,Rurópolis,0.0,53,15024.0,exponential_120_half60
specialized_security,1506203,Salinópolis,3.1279707713528217e-06,73,21950.0,exponential_120_half60
specialized_security,1506302,Salvaterra,0.0,55,10910.0,exponential_120_half60
specialized_security,1506351,Santa Bárbara do Pará,4.468966652076764e-06,44,10013.0,exponential_120_half60
specialized_security,1506401,Santa Cruz do Arari,0.0,8,2852.0,exponential_120_half60
specialized_security,1506500,Santa Izabel do Pará,4.86437676149649e-06,115,32345.0,exponential_120_half60
specialized_security,1506559,Santa Luzia do Pará,4.13258747002629e-06,46,8898.0,exponential_120_half60
specialized_security,1506583,Santa Maria das Barreiras,5.190968447095763e-06,38,6519.0,exponential_120_half60
specialized_security,1506609,Santa Maria do Pará,5.265236148345284e-06,56,12204.0,exponential_120_half60
specialized_security,1506708,Santana do Araguaia,0.0,73,14754.0,exponential_120_half60
specialized_security,1506807,Santarém,5.904027616742083e-06,529,156731.0,exponential_120_half60
specialized_security,1506906,Santarém Novo,3.9905485731653096e-06,16,2457.0,exponential_120_half60
specialized_security,1507003,Santo Antônio do Tauá,3.855805980127702e-06,55,13411.0,exponential_120_half60
specialized_security,1507102,São Caetano de Odivelas,1.6898243373681366e-06,42,7848.0,exponential_120_half60
specialized_security,1507151,São Domingos do Araguaia,3.1396633316953516e-06,33,9615.0,exponential_120_half60
specialized_security,1507201,São Domingos do Capim,1.9227573552053517e-06,44,10381.0,exponential_120_half60
specialized_security,1507300,São Félix do Xingu,2.2423539722875796e-05,128,25504.0,exponential_120_half60
specialized_security,1507409,São Francisco do Pará,4.475477688905881e-06,27,6944.0,exponential_120_half60
specialized_security,1507458,São Geraldo do Araguaia,7.462369123119035e-07,47,10931.0,exponential_120_half60
specialized_security,1507466,São João da Ponta,2.099361498015914e-06,18,2001.0,exponential_120_half60
specialized_security,1507474,São João de Pirabas,3.834876808564442e-06,36,8770.0,exponential_120_half60
specialized_security,1507508,São João do Araguaia,3.5833196087660245e-06,33,5932.0,exponential_120_half60
specialized_security,1507607,São Miguel do Guamá,6.161695041044915e-06,100,25115.0,exponential_120_half60
specialized_security,1507706,São Sebastião da Boa Vista,0.0,16,5557.0,exponential_120_half60
specialized_security,1507755,Sapucaia,8.454885588907185e-06,11,2879.0,exponential_120_half60
specialized_security,1507805,Senador José Porfírio,0.0,31,6913.0,exponential_120_half60
specialized_security,1507904,Soure,8.28363154406892e-05,32,12072.0,exponential_120_half60
specialized_security,1507953,Tailândia,3.5977314219025346e-07,123,33966.0,exponential_120_half60
specialized_security,1507961,Terra Alta,2.826003920193154e-06,23,4958.0,exponential_120_half60
specialized_security,1507979,Terra Santa,0.0,25,8173.0,exponential_120_half60
specialized_security,1508001,Tomé-Açu,1.1663937917084426e-07,117,30224.0,exponential_120_half60
specialized_security,1508035,Tracuateua,5.946731478276844e-06,41,9773.0,exponential_120_half60
specialized_security,1508050,Trairão,0.0,31,6744.0,exponential_120_half60
specialized_security,1508084,Tucumã,1.35129223185517e-05,69,18469.0,exponential_120_half60
specialized_security,1508100,Tucuruí,1.3562577885056392e-05,158,44448.0,exponential_120_half60
specialized_security,1508126,Ulianópolis,4.528825874189997e-06,50,17003.0,exponential_120_half60
specialized_security,1508159,Uruará,4.3685034428306923e-07,64,15110.0,exponential_120_half60
specialized_security,1508209,Vigia,2.0988205264245366e-06,100,24110.0,exponential_120_half60
specialized_security,1508308,Viseu,2.2878315925298887e-06,113,24311.0,exponential_120_half60
specialized_security,1508357,Vitória do Xingu,9.825934778724143e-06,36,6678.0,exponential_120_half60
specialized_security,1508407,Xinguara,8.125106498100279e-06,92,25086.0,exponential_120_half60
creas,1500107,Abaetetuba,1.755195113189999e-05,189,61390.0,gaussian_120_sigma60
creas,1500131,Abel Figueiredo,3.299425190814407e-05,11,2904.0,gaussian_120_sigma60
creas,1500206,Acará,1.62918054262011e-05,128,21279.0,gaussian_120_sigma60
creas,1500347,Água Azul do Norte,5.1844614944228236e-05,38,7078.0,gaussian_120_sigma60
creas,1500404,Alenquer,3.947242731108397e-05,64,24692.0,gaussian_120_sigma60
creas,1500503,Almeirim,7.810669374365385e-05,44,12803.0,gaussian_120_sigma60
creas,1500602,Altamira,4.832304173433636e-05,254,57798.0,gaussian_120_sigma60
creas,1500701,Anajás,0.0001633986928104575,11,6120.0,gaussian_120_sigma60
creas,1500800,Ananindeua,2.5388974687582145e-05,637,216395.0,gaussian_120_sigma60
creas,1500859,Anapu,6.61727280297104e-05,42,11682.0,gaussian_120_sigma60
creas,1500909,Augusto Corrêa,3.555243577562062e-05,85,19652.0,gaussian_120_sigma60
creas,1500958,Aurora do Pará,4.626070207188811e-05,40,9167.0,gaussian_120_sigma60
creas,1501006,Aveiro,0.00021868018529712198,24,4724.0,gaussian_120_sigma60
creas,1501105,Bagre,5.969217294052093e-07,18,6788.0,gaussian_120_sigma60
creas,1501204,Baião,3.245287751355684e-05,61,20104.0,gaussian_120_sigma60
creas,1501253,Bannach,2.7185265240342014e-05,11,1582.0,gaussian_120_sigma60
creas,1501303,Barcarena,1.3228159897423228e-05,238,57552.0,gaussian_120_sigma60
creas,1501402,Belém,2.0803764370967146e-05,1874,637628.0,gaussian_120_sigma60
creas,1501451,Belterra,1.9400942051096237e-05,43,7617.0,gaussian_120_sigma60
creas,1501501,Benevides,2.9894274838712463e-05,181,30532.0,gaussian_120_sigma60
creas,1501576,Bom Jesus do Tocantins,3.5018820556919974e-05,35,7433.0,gaussian_120_sigma60
creas,1501600,Bonito,7.144437027052891e-05,26,5332.0,gaussian_120_sigma60
creas,1501709,Bragança,4.184145192851694e-05,195,55750.0,gaussian_120_sigma60
creas,1501725,Brasil Novo,5.986580453155113e-05,37,8590.0,gaussian_120_sigma60
creas,1501758,Brejo Grande do Araguaia,3.502550995202842e-05,17,2980.0,gaussian_120_sigma60
creas,1501782,Breu Branco,3.0501338638701795e-05,79,20704.0,gaussian_120_sigma60
creas,1501808,Breves,3.461764807698965e-05,64,28887.0,gaussian_120_sigma60
creas,1501907,Bujaru,2.1659201975212505e-05,39,7707.0,gaussian_120_sigma60
creas,1501956,Cachoeira do Piriá,3.8287000218966766e-05,46,8304.0,gaussian_120_sigma60
creas,1502004,Cachoeira do Arari,0.00013264358668258389,26,7539.0,gaussian_120_sigma60
creas,1502103,Cametá,4.592619559166642e-05,139,42529.0,gaussian_120_sigma60
creas,1502152,Canaã dos Carajás,2.7606987931261164e-05,108,36539.0,gaussian_120_sigma60
creas,1502202,Capanema,7.446038109908144e-05,118,35064.0,gaussian_120_sigma60
creas,1502301,Capitão Poço,6.0269917963049604e-05,132,25741.0,gaussian_120_sigma60
creas,1502400,Castanhal,5.053997063155867e-05,340,97495.0,gaussian_120_sigma60
creas,1502509,Chaves,0.00043159257660768235,4,2317.0,gaussian_120_sigma60
creas,1502608,Colares,1.0628497297987538e-05,33,6118.0,gaussian_120_sigma60
creas,1502707,Conceição do Araguaia,3.3952302444471895e-05,79,20299.0,gaussian_120_sigma60
creas,1502756,Concórdia do Pará,3.33123745675846e-05,66,12238.0,gaussian_120_sigma60
creas,1502764,Cumaru do Norte,4.565219171576936e-05,20,4478.0,gaussian_120_sigma60
creas,1502772,Curionópolis,2.0950185850879832e-05,49,9754.0,gaussian_120_sigma60
creas,1502806,Curralinho,0.00015179113539769278,12,6588.0,gaussian_120_sigma60
creas,1502855,Curuá,8.365267553331388e-05,27,4836.0,gaussian_120_sigma60
creas,1502905,Curuçá,2.1637919993225783e-05,87,19885.0,gaussian_120_sigma60
creas,1502939,Dom Eliseu,3.761351469774773e-05,69,29239.0,gaussian_120_sigma60
creas,1502954,Eldorado do Carajás,3.749526847008745e-05,55,12850.0,gaussian_120_sigma60
creas,1503002,Faro,0.00016841977930155702,21,3965.0,gaussian_120_sigma60
creas,1503044,Floresta do Araguaia,4.0170541930795964e-05,31,7174.0,gaussian_120_sigma60
creas,1503077,Garrafão do Norte,4.592120650879841e-05,52,10813.0,gaussian_120_sigma60
creas,1503093,Goianésia do Pará,3.4352813759664605e-05,50,11198.0,gaussian_120_sigma60
creas,1503101,Gurupá,0.00015444015444015448,14,6475.0,gaussian_120_sigma60
creas,1503200,Igarapé-Açu,6.1237693897884e-05,61,16638.0,gaussian_120_sigma60
creas,1503309,Igarapé-Miri,2.503726383984287e-05,52,16689.0,gaussian_120_sigma60
creas,1503408,Inhangapi,3.297239412773408e-05,27,4748.0,gaussian_120_sigma60
creas,1503457,Ipixuna do Pará,3.9901610584842096e-05,63,11531.0,gaussian_120_sigma60
creas,1503507,Irituia,5.712779564149182e-05,80,12734.0,gaussian_120_sigma60
creas,1503606,Itaituba,1.97622615933596e-05,202,58684.0,gaussian_120_sigma60
creas,1503705,Itupiranga,2.0852451093489706e-05,94,19975.0,gaussian_120_sigma60
creas,1503754,Jacareacanga,0.00018198362147406734,23,5495.0,gaussian_120_sigma60
creas,1503804,Jacundá,2.9791441098866265e-05,86,18315.0,gaussian_120_sigma60
creas,1503903,Juruti,5.038436757730411e-05,50,17868.0,gaussian_120_sigma60
creas,1504000,Limoeiro do Ajuru,5.446697557894966e-05,11,4370.0,gaussian_120_sigma60
creas,1504059,Mãe do Rio,5.611054124910494e-05,46,17225.0,gaussian_120_sigma60
creas,1504109,Magalhães Barata,2.7920218673774763e-05,20,3887.0,gaussian_120_sigma60
creas,1504208,Marabá,5.129120940668561e-05,474,127275.0,gaussian_120_sigma60
creas,1504307,Maracanã,3.0192613353520227e-05,81,12462.0,gaussian_120_sigma60
creas,1504406,Marapanim,2.0390480002532953e-05,77,12496.0,gaussian_120_sigma60
creas,1504422,Marituba,2.9108748181707652e-05,218,53590.0,gaussian_120_sigma60
creas,1504455,Medicilândia,6.162122977806186e-05,33,7996.0,gaussian_120_sigma60
creas,1504505,Melgaço,0.00020255215718047398,9,4937.0,gaussian_120_sigma60
creas,1504604,Mocajuba,3.974210968402092e-05,36,11153.0,gaussian_120_sigma60
creas,1504703,Moju,1.824262330906467e-05,134,28780.0,gaussian_120_sigma60
creas,1504752,Mojuí dos Campos,1.7733715176664334e-05,37,9118.0,gaussian_120_sigma60
creas,1504802,Monte Alegre,5.547716967317957e-05,95,25730.0,gaussian_120_sigma60
creas,1504901,Muaná,9.607070804111827e-05,25,10409.0,gaussian_120_sigma60
creas,1504950,Nova Esperança do Piriá,3.865906524183494e-05,32,8302.0,gaussian_120_sigma60
creas,1504976,Nova Ipixuna,4.001628519468538e-05,25,5349.0,gaussian_120_sigma60
creas,1505007,Nova Timboteua,7.170120129447018e-05,31,5955.0,gaussian_120_sigma60
creas,1505031,Novo Progresso,5.450580423389073e-05,57,15730.0,gaussian_120_sigma60
creas,1505064,Novo Repartimento,3.3806044680985726e-05,93,21996.0,gaussian_120_sigma60
creas,1505106,Óbidos,7.632949197252033e-05,74,18742.0,gaussian_120_sigma60
creas,1505205,Oeiras do Pará,9.861311472581001e-05,50,10899.0,gaussian_120_sigma60
creas,1505304,Oriximiná,4.607013035501636e-05,65,25385.0,gaussian_120_sigma60
creas,1505403,Ourém,6.773993478438077e-05,47,8650.0,gaussian_120_sigma60
creas,1505437,Ourilândia do Norte,6.75140168756684e-05,62,15106.0,gaussian_120_sigma60
creas,1505486,Pacajá,6.962859924661097e-05,64,14166.0,gaussian_120_sigma60
creas,1505494,Palestina do Pará,3.0297648572554832e-05,13,2963.0,gaussian_120_sigma60
creas,1505502,Paragominas,3.1002153562643266e-05,198,51977.0,gaussian_120_sigma60
creas,1505536,Parauapebas,1.7803753541271972e-05,444,132408.0,gaussian_120_sigma60
creas,1505551,Pau D'Arco,6.195401165153547e-05,13,2610.0,gaussian_120_sigma60
creas,1505601,Peixe-Boi,7.038997189856194e-05,22,4059.0,gaussian_120_sigma60
creas,1505635,Piçarra,2.883225334752962e-05,28,4910.0,gaussian_120_sigma60
creas,1505650,Placas,9.121615177061734e-05,31,5696.0,gaussian_120_sigma60
creas,1505700,Ponta de Pedras,0.00012434717731907486,25,8042.0,gaussian_120_sigma60
creas,1505809,Portel,6.410667350471184e-05,29,15599.0,gaussian_120_sigma60
creas,1505908,Porto de Moz,5.7557805245018945e-09,24,10600.0,gaussian_120_sigma60
creas,1506005,Prainha,4.943424375582133e-05,49,12430.0,gaussian_120_sigma60
creas,1506104,Primavera,6.013160460901564e-05,21,5030.0,gaussian_120_sigma60
creas,1506112,Quatipuru,4.5719837639783985e-05,23,5675.0,gaussian_120_sigma60
creas,1506138,Redenção,6.329461284347076e-05,162,42397.0,gaussian_120_sigma60
creas,1506161,Rio Maria,5.3578047729970036e-05,31,8402.0,gaussian_120_sigma60
creas,1506187,Rondon do Pará,3.198208343233105e-05,62,22229.0,gaussian_120_sigma60
creas,1506195,Rurópolis,6.375948178634958e-05,53,15024.0,gaussian_120_sigma60
creas,1506203,Salinópolis,3.965266437370272e-05,73,21950.0,gaussian_120_sigma60
creas,1506302,Salvaterra,9.165902841429881e-05,55,10910.0,gaussian_120_sigma60
creas,1506351,Santa Bárbara do Pará,2.4239475722273104e-05,44,10013.0,gaussian_120_sigma60
creas,1506401,Santa Cruz do Arari,0.0,8,2852.0,gaussian_120_sigma60
creas,1506500,Santa Izabel do Pará,3.7243224585019875e-05,115,32345.0,gaussian_120_sigma60
creas,1506559,Santa Luzia do Pará,5.907022568045513e-05,46,8898.0,gaussian_120_sigma60
creas,1506583,Santa Maria das Barreiras,2.9970956454801772e-05,38,6519.0,gaussian_120_sigma60
creas,1506609,Santa Maria do Pará,7.149183040438272e-05,56,12204.0,gaussian_120_sigma60
creas,1506708,Santana do Araguaia,5.767947564664369e-05,73,14754.0,gaussian_120_sigma60
creas,1506807,Santarém,1.800919735414947e-05,529,156731.0,gaussian_120_sigma60
creas,1506906,Santarém Novo,5.6795011019888934e-05,16,2457.0,gaussian_120_sigma60
creas,1507003,Santo Antônio do Tauá,2.796273916402275e-05,55,13411.0,gaussian_120_sigma60
creas,1507102,São Caetano de Odivelas,1.590467894074747e-05,42,7848.0,gaussian_120_sigma60
creas,1507151,São Domingos do Araguaia,5.267592688643783e-05,33,9615.0,gaussian_120_sigma60
creas,1507201,São Domingos do Capim,3.134850581610126e-05,44,10381.0,gaussian_120_sigma60
creas,1507300,São Félix do Xingu,3.416122768935281e-05,128,25504.0,gaussian_120_sigma60
creas,1507409,São Francisco do Pará,4.961079199502664e-05,27,6944.0,gaussian_120_sigma60
creas,1507458,São Geraldo do Araguaia,3.795542617866462e-05,47,10931.0,gaussian_120_sigma60
creas,1507466,São João da Ponta,2.1491491935644575e-05,18,2001.0,gaussian_120_sigma60
creas,1507474,São João de Pirabas,5.2787790082059436e-05,36,8770.0,gaussian_120_sigma60
creas,1507508,São João do Araguaia,4.9975818044102694e-05,33,5932.0,gaussian_120_sigma60
creas,1507607,São Miguel do Guamá,6.008494934972165e-05,100,25115.0,gaussian_120_sigma60
creas,1507706,São Sebastião da Boa Vista,0.00017995321216483713,16,5557.0,gaussian_120_sigma60
creas,1507755,Sapucaia,4.295926463477577e-05,11,2879.0,gaussian_120_sigma60
creas,1507805,Senador José Porfírio,8.669138282000823e-07,31,6913.0,gaussian_120_sigma60
creas,1507904,Soure,8.28363154406892e-05,32,12072.0,gaussian_120_sigma60
creas,1507953,Tailândia,3.5657111927595164e-05,123,33966.0,gaussian_120_sigma60
creas,1507961,Terra Alta,3.3507838119359284e-05,23,4958.0,gaussian_120_sigma60
creas,1507979,Terra Santa,0.00015801232862424424,25,8173.0,gaussian_120_sigma60
creas,1508001,Tomé-Açu,2.157413782341511e-05,117,30224.0,gaussian_120_sigma60
creas,1508035,Tracuateua,5.431362784225778e-05,41,9773.0,gaussian_120_sigma60
creas,1508050,Trairão,0.0,31,6744.0,gaussian_120_sigma60
creas,1508084,Tucumã,6.864998621574093e-05,69,18469.0,gaussian_120_sigma60
creas,1508100,Tucuruí,2.986741182481921e-05,158,44448.0,gaussian_120_sigma60
creas,1508126,Ulianópolis,3.7229849512060644e-05,50,17003.0,gaussian_120_sigma60
creas,1508159,Uruará,9.100732107930217e-05,64,15110.0,gaussian_120_sigma60
creas,1508209,Vigia,2.0519855007829688e-05,100,24110.0,gaussian_120_sigma60
creas,1508308,Viseu,3.7373682918761576e-05,113,24311.0,gaussian_120_sigma60
creas,1508357,Vitória do Xingu,4.260601553133972e-05,36,6678.0,gaussian_120_sigma60
creas,1508407,Xinguara,5.657804597693663e-05,92,25086.0,gaussian_120_sigma60
health,1500107,Abaetetuba,7.0109261498316305e-06,189,61390.0,gaussian_120_sigma60
health,1500131,Abel Figueiredo,2.509948227422532e-06,11,2904.0,gaussian_120_sigma60
health,1500206,Acará,7.168374803717094e-06,128,21279.0,gaussian_120_sigma60
health,1500347,Água Azul do Norte,1.820279662323404e-05,38,7078.0,gaussian_120_sigma60
health,1500404,Alenquer,0.0,64,24692.0,gaussian_120_sigma60
health,1500503,Almeirim,0.0,44,12803.0,gaussian_120_sigma60
health,1500602,Altamira,3.927761891081637e-05,254,57798.0,gaussian_120_sigma60
health,1500701,Anajás,0.0,11,6120.0,gaussian_120_sigma60
health,1500800,Ananindeua,1.0445763072810728e-05,637,216395.0,gaussian_120_sigma60
health,1500859,Anapu,1.882829074199729e-05,42,11682.0,gaussian_120_sigma60
health,1500909,Augusto Corrêa,1.4016533726512526e-05,85,19652.0,gaussian_120_sigma60
health,1500958,Aurora do Pará,4.1938208367689474e-05,40,9167.0,gaussian_120_sigma60
health,1501006,Aveiro,6.295733894282357e-05,24,4724.0,gaussian_120_sigma60
health,1501105,Bagre,0.0,18,6788.0,gaussian_120_sigma60
health,1501204,Baião,1.8181111934821977e-05,61,20104.0,gaussian_120_sigma60
health,1501253,Bannach,6.738910506064972e-06,11,1582.0,gaussian_120_sigma60
health,1501303,Barcarena,6.612157811436947e-06,238,57552.0,gaussian_120_sigma60
health,1501402,Belém,8.430127422202158e-06,1874,637628.0,gaussian_120_sigma60
health,1501451,Belterra,3.21250015082996e-05,43,7617.0,gaussian_120_sigma60
health,1501501,Benevides,1.0752220937549793e-05,181,30532.0,gaussian_120_sigma60
health,1501576,Bom Jesus do Tocantins,3.7935092244705723e-06,35,7433.0,gaussian_120_sigma60
health,1501600,Bonito,3.603401660618659e-05,26,5332.0,gaussian_120_sigma60
health,1501709,Bragança,1.2980571475855202e-05,195,55750.0,gaussian_120_sigma60
health,1501725,Brasil Novo,3.3844164438444255e-05,37,8590.0,gaussian_120_sigma60
health,1501758,Brejo Grande do Araguaia,9.501907154888607e-07,17,2980.0,gaussian_120_sigma60
health,1501782,Breu Branco,3.7709001770818694e-07,79,20704.0,gaussian_120_sigma60
health,1501808,Breves,3.461764807698965e-05,64,28887.0,gaussian_120_sigma60
health,1501907,Bujaru,1.5999279496511158e-05,39,7707.0,gaussian_120_sigma60
health,1501956,Cachoeira do Piriá,2.0391042324936225e-05,46,8304.0,gaussian_120_sigma60
health,1502004,Cachoeira do Arari,0.0,26,7539.0,gaussian_120_sigma60
health,1502103,Cametá,3.205819647481759e-06,139,42529.0,gaussian_120_sigma60
health,1502152,Canaã dos Carajás,8.743375072576434e-06,108,36539.0,gaussian_120_sigma60
health,1502202,Capanema,2.8552367946722018e-05,118,35064.0,gaussian_120_sigma60
health,1502301,Capitão Poço,3.4296207813225204e-05,132,25741.0,gaussian_120_sigma60
health,1502400,Castanhal,2.2769772691262006e-05,340,97495.0,gaussian_120_sigma60
health,1502509,Chaves,0.0,4,2317.0,gaussian_120_sigma60
health,1502608,Colares,1.1690895179750956e-06,33,6118.0,gaussian_120_sigma60
health,1502707,Conceição do Araguaia,6.164005415489552e-06,79,20299.0,gaussian_120_sigma60
health,1502756,Concórdia do Pará,3.120089389578054e-05,66,12238.0,gaussian_120_sigma60
health,1502764,Cumaru do Norte,3.794013136792413e-06,20,4478.0,gaussian_120_sigma60
health,1502772,Curionópolis,6.034689586801984e-06,49,9754.0,gaussian_120_sigma60
health,1502806,Curralinho,0.0,12,6588.0,gaussian_120_sigma60
health,1502855,Curuá,0.0,27,4836.0,gaussian_120_sigma60
health,1502905,Curuçá,3.982309069764667e-06,87,19885.0,gaussian_120_sigma60
health,1502939,Dom Eliseu,0.0,69,29239.0,gaussian_120_sigma60
health,1502954,Eldorado do Carajás,7.903993615028363e-06,55,12850.0,gaussian_120_sigma60
health,1503002,Faro,0.0,21,3965.0,gaussian_120_sigma60
health,1503044,Floresta do Araguaia,8.384085589166176e-06,31,7174.0,gaussian_120_sigma60
health,1503077,Garrafão do Norte,2.0953226697969862e-05,52,10813.0,gaussian_120_sigma60
health,1503093,Goianésia do Pará,1.8562304492859962e-06,50,11198.0,gaussian_120_sigma60
health,1503101,Gurupá,0.0,14,6475.0,gaussian_120_sigma60
health,1503200,Igarapé-Açu,2.6775541373017335e-05,61,16638.0,gaussian_120_sigma60
health,1503309,Igarapé-Miri,1.1007399464133294e-05,52,16689.0,gaussian_120_sigma60
health,1503408,Inhangapi,1.450613005505975e-05,27,4748.0,gaussian_120_sigma60
health,1503457,Ipixuna do Pará,2.960106449335061e-05,63,11531.0,gaussian_120_sigma60
health,1503507,Irituia,4.287314839335981e-05,80,12734.0,gaussian_120_sigma60
health,1503606,Itaituba,0.0003433380248124027,202,58684.0,gaussian_120_sigma60
health,1503705,Itupiranga,1.8621476979164852e-06,94,19975.0,gaussian_120_sigma60
health,1503754,Jacareacanga,0.0,23,5495.0,gaussian_120_sigma60
health,1503804,Jacundá,5.269327355097321e-06,86,18315.0,gaussian_120_sigma60
health,1503903,Juruti,0.00010080732350381926,50,17868.0,gaussian_120_sigma60
health,1504000,Limoeiro do Ajuru,0.0,11,4370.0,gaussian_120_sigma60
health,1504059,Mãe do Rio,4.7042650885854974e-05,46,17225.0,gaussian_120_sigma60
health,1504109,Magalhães Barata,6.3331368518669005e-06,20,3887.0,gaussian_120_sigma60
health,1504208,Marabá,5.885250639674622e-06,474,127275.0,gaussian_120_sigma60
health,1504307,Maracanã,7.638387630037052e-06,81,12462.0,gaussian_120_sigma60
health,1504406,Marapanim,2.83123985781824e-06,77,12496.0,gaussian_120_sigma60
health,1504422,Marituba,1.1458952978664963e-05,218,53590.0,gaussian_120_sigma60
health,1504455,Medicilândia,1.841702435714314e-05,33,7996.0,gaussian_120_sigma60
health,1504505,Melgaço,0.0,9,4937.0,gaussian_120_sigma60
health,1504604,Mocajuba,2.0721869781334345e-05,36,11153.0,gaussian_120_sigma60
health,1504703,Moju,6.078934481490867e-06,134,28780.0,gaussian_120_sigma60
health,1504752,Mojuí dos Campos,1.857481628103905e-05,37,9118.0,gaussian_120_sigma60
health,1504802,Monte Alegre,0.0,95,25730.0,gaussian_120_sigma60
health,1504901,Muaná,0.0,25,10409.0,gaussian_120_sigma60
health,1504950,Nova Esperança do Piriá,1.5287374315893786e-05,32,8302.0,gaussian_120_sigma60
health,1504976,Nova Ipixuna,6.5786996640569255e-06,25,5349.0,gaussian_120_sigma60
health,1505007,Nova Timboteua,3.020732907611766e-05,31,5955.0,gaussian_120_sigma60
health,1505031,Novo Progresso,0.0,57,15730.0,gaussian_120_sigma60
health,1505064,Novo Repartimento,1.2942061049615296e-05,93,21996.0,gaussian_120_sigma60
health,1505106,Óbidos,0.0,74,18742.0,gaussian_120_sigma60
health,1505205,Oeiras do Pará,0.0,50,10899.0,gaussian_120_sigma60
health,1505304,Oriximiná,0.0,65,25385.0,gaussian_120_sigma60
health,1505403,Ourém,3.1158516923509655e-05,47,8650.0,gaussian_120_sigma60
health,1505437,Ourilândia do Norte,2.3146344317290542e-05,62,15106.0,gaussian_120_sigma60
health,1505486,Pacajá,3.4773116431182675e-05,64,14166.0,gaussian_120_sigma60
health,1505494,Palestina do Pará,8.533671221300664e-07,13,2963.0,gaussian_120_sigma60
health,1505502,Paragominas,1.6357242077317938e-05,198,51977.0,gaussian_120_sigma60
health,1505536,Parauapebas,5.264355319210573e-06,444,132408.0,gaussian_120_sigma60
health,1505551,Pau D'Arco,1.9146006954051114e-05,13,2610.0,gaussian_120_sigma60
health,1505601,Peixe-Boi,2.744311417725314e-05,22,4059.0,gaussian_120_sigma60
health,1505635,Piçarra,1.1912677043795147e-06,28,4910.0,gaussian_120_sigma60
health,1505650,Placas,7.464958140336387e-05,31,5696.0,gaussian_120_sigma60
health,1505700,Ponta de Pedras,0.0,25,8042.0,gaussian_120_sigma60
health,1505809,Portel,0.0,29,15599.0,gaussian_120_sigma60
health,1505908,Porto de Moz,9.43467116903118e-05,24,10600.0,gaussian_120_sigma60
health,1506005,Prainha,7.454784720778093e-08,49,12430.0,gaussian_120_sigma60
health,1506104,Primavera,1.5763062461173784e-05,21,5030.0,gaussian_120_sigma60
health,1506112,Quatipuru,1.0850080301299696e-05,23,5675.0,gaussian_120_sigma60
health,1506138,Redenção,1.8170120316763253e-05,162,42397.0,gaussian_120_sigma60
health,1506161,Rio Maria,1.78351108083855e-05,31,8402.0,gaussian_120_sigma60
health,1506187,Rondon do Pará,1.214835791924133e-06,62,22229.0,gaussian_120_sigma60
health,1506195,Rurópolis,0.00019021843469845115,53,15024.0,gaussian_120_sigma60
health,1506203,Salinópolis,9.368366891733372e-06,73,21950.0,gaussian_120_sigma60
health,1506302,Salvaterra,0.0,55,10910.0,gaussian_120_sigma60
health,1506351,Santa Bárbara do Pará,8.410440727068043e-06,44,10013.0,gaussian_120_sigma60
health,1506401,Santa Cruz do Arari,0.0,8,2852.0,gaussian_120_sigma60
health,1506500,Santa Izabel do Pará,1.271077749450549e-05,115,32345.0,gaussian_120_sigma60
health,1506559,Santa Luzia do Pará,2.231065698398626e-05,46,8898.0,gaussian_120_sigma60
health,1506583,Santa Maria das Barreiras,2.7406618392928164e-05,38,6519.0,gaussian_120_sigma60
health,1506609,Santa Maria do Pará,3.725844341104894e-05,56,12204.0,gaussian_120_sigma60
health,1506708,Santana do Araguaia,5.773241163194624e-05,73,14754.0,gaussian_120_sigma60
health,1506807,Santarém,1.3348867211820356e-05,529,156731.0,gaussian_120_sigma60
health,1506906,Santarém Novo,1.577289552214938e-05,16,2457.0,gaussian_120_sigma60
health,1507003,Santo Antônio do Tauá,8.524971009602053e-06,55,13411.0,gaussian_120_sigma60
health,1507102,São Caetano de Odivelas,2.0264419933020883e-06,42,7848.0,gaussian_120_sigma60
health,1507151,São Domingos do Araguaia,3.049588771629387e-06,33,9615.0,gaussian_120_sigma60
health,1507201,São Domingos do Capim,3.2897192739989123e-05,44,10381.0,gaussian_120_sigma60
health,1507300,São Félix do Xingu,5.134310688892182e-06,128,25504.0,gaussian_120_sigma60
health,1507409,São Francisco do Pará,2.1315339197781162e-05,27,6944.0,gaussian_120_sigma60
health,1507458,São Geraldo do Araguaia,1.685842774059754e-07,47,10931.0,gaussian_120_sigma60
health,1507466,São João da Ponta,4.258313095335306e-06,18,2001.0,gaussian_120_sigma60
health,1507474,São João de Pirabas,1.3241967369967609e-05,36,8770.0,gaussian_120_sigma60
health,1507508,São João do Araguaia,3.8028352748947206e-06,33,5932.0,gaussian_120_sigma60
health,1507607,São Miguel do Guamá,4.1099359397098515e-05,100,25115.0,gaussian_120_sigma60
health,1507706,São Sebastião da Boa Vista,0.0,16,5557.0,gaussian_120_sigma60
health,1507755,Sapucaia,1.3926707055056148e-05,11,2879.0,gaussian_120_sigma60
health,1507805,Senador José Porfírio,0.0,31,6913.0,gaussian_120_sigma60
health,1507904,Soure,0.0,32,12072.0,gaussian_120_sigma60
health,1507953,Tailândia,5.278451135236927e-06,123,33966.0,gaussian_120_sigma60
health,1507961,Terra Alta,7.975490330686341e-06,23,4958.0,gaussian_120_sigma60
health,1507979,Terra Santa,0.0,25,8173.0,gaussian_120_sigma60
health,1508001,Tomé-Açu,1.1976607444710831e-05,117,30224.0,gaussian_120_sigma60
health,1508035,Tracuateua,1.5483552404649544e-05,41,9773.0,gaussian_120_sigma60
health,1508050,Trairão,0.00011018483535855769,31,6744.0,gaussian_120_sigma60
health,1508084,Tucumã,2.234641866872809e-05,69,18469.0,gaussian_120_sigma60
health,1508100,Tucuruí,6.250821950404425e-08,158,44448.0,gaussian_120_sigma60
health,1508126,Ulianópolis,0.0,50,17003.0,gaussian_120_sigma60
health,1508159,Uruará,1.4950613761315579e-05,64,15110.0,gaussian_120_sigma60
health,1508209,Vigia,3.91185255870364e-06,100,24110.0,gaussian_120_sigma60
health,1508308,Viseu,2.6756541993434324e-05,113,24311.0,gaussian_120_sigma60
health,1508357,Vitória do Xingu,4.27498405414312e-05,36,6678.0,gaussian_120_sigma60
health,1508407,Xinguara,1.9163374269256205e-05,92,25086.0,gaussian_120_sigma60
specialized_justice,1500107,Abaetetuba,9.91550949974263e-07,189,61390.0,gaussian_120_sigma60
specialized_justice,1500131,Abel Figueiredo,2.085773279835704e-06,11,2904.0,gaussian_120_sigma60
specialized_justice,1500206,Acará,1.3819877102841255e-06,128,21279.0,gaussian_120_sigma60
specialized_justice,1500347,Água Azul do Norte,0.0,38,7078.0,gaussian_120_sigma60
specialized_justice,1500404,Alenquer,0.0,64,24692.0,gaussian_120_sigma60
specialized_justice,1500503,Almeirim,0.0,44,12803.0,gaussian_120_sigma60
specialized_justice,1500602,Altamira,0.0,254,57798.0,gaussian_120_sigma60
specialized_justice,1500701,Anajás,0.0,11,6120.0,gaussian_120_sigma60
specialized_justice,1500800,Ananindeua,3.348018156681376e-06,637,216395.0,gaussian_120_sigma60
specialized_justice,1500859,Anapu,0.0,42,11682.0,gaussian_120_sigma60
specialized_justice,1500909,Augusto Corrêa,0.0,85,19652.0,gaussian_120_sigma60
specialized_justice,1500958,Aurora do Pará,2.0091530631175142e-07,40,9167.0,gaussian_120_sigma60
specialized_justice,1501006,Aveiro,0.0,24,4724.0,gaussian_120_sigma60
specialized_justice,1501105,Bagre,0.0,18,6788.0,gaussian_120_sigma60
specialized_justice,1501204,Baião,0.0,61,20104.0,gaussian_120_sigma60
specialized_justice,1501253,Bannach,0.0,11,1582.0,gaussian_120_sigma60
specialized_justice,1501303,Barcarena,1.1267822140057556e-06,238,57552.0,gaussian_120_sigma60
specialized_justice,1501402,Belém,3.238216582530798e-06,1874,637628.0,gaussian_120_sigma60
specialized_justice,1501451,Belterra,4.803921530933013e-06,43,7617.0,gaussian_120_sigma60
specialized_justice,1501501,Benevides,3.2361199486124245e-06,181,30532.0,gaussian_120_sigma60
specialized_justice,1501576,Bom Jesus do Tocantins,2.9835430443552394e-06,35,7433.0,gaussian_120_sigma60
specialized_justice,1501600,Bonito,8.61568046621888e-07,26,5332.0,gaussian_120_sigma60
specialized_justice,1501709,Bragança,1.330994967340001e-07,195,55750.0,gaussian_120_sigma60
specialized_justice,1501725,Brasil Novo,0.0,37,8590.0,gaussian_120_sigma60
specialized_justice,1501758,Brejo Grande do Araguaia,2.03729764000495e-06,17,2980.0,gaussian_120_sigma60
specialized_justice,1501782,Breu Branco,0.0,79,20704.0,gaussian_120_sigma60
specialized_justice,1501808,Breves,0.0,64,28887.0,gaussian_120_sigma60
specialized_justice,1501907,Bujaru,1.701171417585649e-06,39,7707.0,gaussian_120_sigma60
specialized_justice,1501956,Cachoeira do Piriá,5.082124814721842e-08,46,8304.0,gaussian_120_sigma60
specialized_justice,1502004,Cachoeira do Arari,0.0,26,7539.0,gaussian_120_sigma60
specialized_justice,1502103,Cametá,0.0,139,42529.0,gaussian_120_sigma60
specialized_justice,1502152,Canaã dos Carajás,0.0,108,36539.0,gaussian_120_sigma60
specialized_justice,1502202,Capanema,7.189964953696122e-07,118,35064.0,gaussian_120_sigma60
specialized_justice,1502301,Capitão Poço,2.0149698946663962e-07,132,25741.0,gaussian_120_sigma60
specialized_justice,1502400,Castanhal,2.6676178997737183e-06,340,97495.0,gaussian_120_sigma60
specialized_justice,1502509,Chaves,0.0,4,2317.0,gaussian_120_sigma60
specialized_justice,1502608,Colares,1.2012891018653924e-06,33,6118.0,gaussian_120_sigma60
specialized_justice,1502707,Conceição do Araguaia,0.0,79,20299.0,gaussian_120_sigma60
specialized_justice,1502756,Concórdia do Pará,5.730804211411815e-07,66,12238.0,gaussian_120_sigma60
specialized_justice,1502764,Cumaru do Norte,0.0,20,4478.0,gaussian_120_sigma60
specialized_justice,1502772,Curionópolis,1.4808810671646612e-06,49,9754.0,gaussian_120_sigma60
specialized_justice,1502806,Curralinho,0.0,12,6588.0,gaussian_120_sigma60
specialized_justice,1502855,Curuá,0.0,27,4836.0,gaussian_120_sigma60
specialized_justice,1502905,Curuçá,1.2943123849705192e-06,87,19885.0,gaussian_120_sigma60
specialized_justice,1502939,Dom Eliseu,0.0,69,29239.0,gaussian_120_sigma60
specialized_justice,1502954,Eldorado do Carajás,2.6799609657587585e-06,55,12850.0,gaussian_120_sigma60
specialized_justice,1503002,Faro,0.0,21,3965.0,gaussian_120_sigma60
specialized_justice,1503044,Floresta do Araguaia,0.0,31,7174.0,gaussian_120_sigma60
specialized_justice,1503077,Garrafão do Norte,1.7949392214559024e-09,52,10813.0,gaussian_120_sigma60
specialized_justice,1503093,Goianésia do Pará,0.0,50,11198.0,gaussian_120_sigma60
specialized_justice,1503101,Gurupá,0.0,14,6475.0,gaussian_120_sigma60
specialized_justice,1503200,Igarapé-Açu,1.6165038554461172e-06,61,16638.0,gaussian_120_sigma60
specialized_justice,1503309,Igarapé-Miri,4.7599616349049257e-07,52,16689.0,gaussian_120_sigma60
specialized_justice,1503408,Inhangapi,2.148667764780083e-06,27,4748.0,gaussian_120_sigma60
specialized_justice,1503457,Ipixuna do Pará,2.0576986602930084e-08,63,11531.0,gaussian_120_sigma60
specialized_justice,1503507,Irituia,4.832280603596913e-07,80,12734.0,gaussian_120_sigma60
specialized_justice,1503606,Itaituba,0.0,202,58684.0,gaussian_120_sigma60
specialized_justice,1503705,Itupiranga,2.9667532154465443e-06,94,19975.0,gaussian_120_sigma60
specialized_justice,1503754,Jacareacanga,0.0,23,5495.0,gaussian_120_sigma60
specialized_justice,1503804,Jacundá,1.6985705656967873e-06,86,18315.0,gaussian_120_sigma60
specialized_justice,1503903,Juruti,0.0,50,17868.0,gaussian_120_sigma60
specialized_justice,1504000,Limoeiro do Ajuru,0.0,11,4370.0,gaussian_120_sigma60
specialized_justice,1504059,Mãe do Rio,3.0453759304988283e-07,46,17225.0,gaussian_120_sigma60
specialized_justice,1504109,Magalhães Barata,5.643435067655563e-07,20,3887.0,gaussian_120_sigma60
specialized_justice,1504208,Marabá,4.843023018515796e-06,474,127275.0,gaussian_120_sigma60
specialized_justice,1504307,Maracanã,5.778910986224747e-07,81,12462.0,gaussian_120_sigma60
specialized_justice,1504406,Marapanim,8.704873199184596e-07,77,12496.0,gaussian_120_sigma60
specialized_justice,1504422,Marituba,3.3472903185292337e-06,218,53590.0,gaussian_120_sigma60
specialized_justice,1504455,Medicilândia,0.0,33,7996.0,gaussian_120_sigma60
specialized_justice,1504505,Melgaço,0.0,9,4937.0,gaussian_120_sigma60
specialized_justice,1504604,Mocajuba,0.0,36,11153.0,gaussian_120_sigma60
specialized_justice,1504703,Moju,5.975953229753611e-07,134,28780.0,gaussian_120_sigma60
specialized_justice,1504752,Mojuí dos Campos,5.304535222525055e-06,37,9118.0,gaussian_120_sigma60
specialized_justice,1504802,Monte Alegre,0.0,95,25730.0,gaussian_120_sigma60
specialized_justice,1504901,Muaná,0.0,25,10409.0,gaussian_120_sigma60
specialized_justice,1504950,Nova Esperança do Piriá,0.0,32,8302.0,gaussian_120_sigma60
specialized_justice,1504976,Nova Ipixuna,3.7592842779671708e-06,25,5349.0,gaussian_120_sigma60
specialized_justice,1505007,Nova Timboteua,1.1108246986359448e-06,31,5955.0,gaussian_120_sigma60
specialized_justice,1505031,Novo Progresso,0.0,57,15730.0,gaussian_120_sigma60
specialized_justice,1505064,Novo Repartimento,5.183055711664093e-08,93,21996.0,gaussian_120_sigma60
specialized_justice,1505106,Óbidos,0.0,74,18742.0,gaussian_120_sigma60
specialized_justice,1505205,Oeiras do Pará,0.0,50,10899.0,gaussian_120_sigma60
specialized_justice,1505304,Oriximiná,0.0,65,25385.0,gaussian_120_sigma60
specialized_justice,1505403,Ourém,4.209287571761037e-07,47,8650.0,gaussian_120_sigma60
specialized_justice,1505437,Ourilândia do Norte,0.0,62,15106.0,gaussian_120_sigma60
specialized_justice,1505486,Pacajá,0.0,64,14166.0,gaussian_120_sigma60
specialized_justice,1505494,Palestina do Pará,1.7533618530410106e-06,13,2963.0,gaussian_120_sigma60
specialized_justice,1505502,Paragominas,0.0,198,51977.0,gaussian_120_sigma60
specialized_justice,1505536,Parauapebas,7.002425789634177e-07,444,132408.0,gaussian_120_sigma60
specialized_justice,1505551,Pau D'Arco,0.0,13,2610.0,gaussian_120_sigma60
specialized_justice,1505601,Peixe-Boi,7.726726007837304e-07,22,4059.0,gaussian_120_sigma60
specialized_justice,1505635,Piçarra,2.0563510938078933e-07,28,4910.0,gaussian_120_sigma60
specialized_justice,1505650,Placas,4.625052228914316e-09,31,5696.0,gaussian_120_sigma60
specialized_justice,1505700,Ponta de Pedras,0.0,25,8042.0,gaussian_120_sigma60
specialized_justice,1505809,Portel,0.0,29,15599.0,gaussian_120_sigma60
specialized_justice,1505908,Porto de Moz,0.0,24,10600.0,gaussian_120_sigma60
specialized_justice,1506005,Prainha,3.491424810951236e-08,49,12430.0,gaussian_120_sigma60
specialized_justice,1506104,Primavera,3.551117922053753e-07,21,5030.0,gaussian_120_sigma60
specialized_justice,1506112,Quatipuru,2.0981825399279916e-07,23,5675.0,gaussian_120_sigma60
specialized_justice,1506138,Redenção,0.0,162,42397.0,gaussian_120_sigma60
specialized_justice,1506161,Rio Maria,0.0,31,8402.0,gaussian_120_sigma60
specialized_justice,1506187,Rondon do Pará,7.973282628110458e-07,62,22229.0,gaussian_120_sigma60
specialized_justice,1506195,Rurópolis,0.0,53,15024.0,gaussian_120_sigma60
specialized_justice,1506203,Salinópolis,1.8145755346308798e-07,73,21950.0,gaussian_120_sigma60
specialized_justice,1506302,Salvaterra,0.0,55,10910.0,gaussian_120_sigma60
specialized_justice,1506351,Santa Bárbara do Pará,2.901792708489801e-06,44,10013.0,gaussian_120_sigma60
specialized_justice,1506401,Santa Cruz do Arari,0.0,8,2852.0,gaussian_120_sigma60
specialized_justice,1506500,Santa Izabel do Pará,3.0875322666704825e-06,115,32345.0,gaussian_120_sigma60
specialized_justice,1506559,Santa Luzia do Pará,3.45589652713918e-07,46,8898.0,gaussian_120_sigma60
specialized_justice,1506583,Santa Maria das Barreiras,0.0,38,6519.0,gaussian_120_sigma60
specialized_justice,1506609,Santa Maria do Pará,1.668825452364266e-06,56,12204.0,gaussian_120_sigma60
specialized_justice,1506708,Santana do Araguaia,0.0,73,14754.0,gaussian_120_sigma60
specialized_justice,1506807,Santarém,5.835357709313426e-06,529,156731.0,gaussian_120_sigma60
specialized_justice,1506906,Santarém Novo,4.515834551965341e-07,16,2457.0,gaussian_120_sigma60
specialized_justice,1507003,Santo Antônio do Tauá,2.573240857639619e-06,55,13411.0,gaussian_120_sigma60
specialized_justice,1507102,São Caetano de Odivelas,1.369497745679397e-06,42,7848.0,gaussian_120_sigma60
specialized_justice,1507151,São Domingos do Araguaia,3.89578395467044e-06,33,9615.0,gaussian_120_sigma60
specialized_justice,1507201,São Domingos do Capim,2.0919829642682597e-07,44,10381.0,gaussian_120_sigma60
specialized_justice,1507300,São Félix do Xingu,0.0,128,25504.0,gaussian_120_sigma60
specialized_justice,1507409,São Francisco do Pará,1.994769335226106e-06,27,6944.0,gaussian_120_sigma60
specialized_justice,1507458,São Geraldo do Araguaia,6.674412684326708e-07,47,10931.0,gaussian_120_sigma60
specialized_justice,1507466,São João da Ponta,1.41921872673727e-06,18,2001.0,gaussian_120_sigma60
specialized_justice,1507474,São João de Pirabas,2.8803426628504176e-07,36,8770.0,gaussian_120_sigma60
specialized_justice,1507508,São João do Araguaia,4.315923808889142e-06,33,5932.0,gaussian_120_sigma60
specialized_justice,1507607,São Miguel do Guamá,1.1047325660537501e-06,100,25115.0,gaussian_120_sigma60
specialized_justice,1507706,São Sebastião da Boa Vista,0.0,16,5557.0,gaussian_120_sigma60
specialized_justice,1507755,Sapucaia,0.0,11,2879.0,gaussian_120_sigma60
specialized_justice,1507805,Senador José Porfírio,0.0,31,6913.0,gaussian_120_sigma60
specialized_justice,1507904,Soure,0.0,32,12072.0,gaussian_120_sigma60
specialized_justice,1507953,Tailândia,0.0,123,33966.0,gaussian_120_sigma60
specialized_justice,1507961,Terra Alta,1.9946604750224926e-06,23,4958.0,gaussian_120_sigma60
specialized_justice,1507979,Terra Santa,0.0,25,8173.0,gaussian_120_sigma60
specialized_justice,1508001,Tomé-Açu,1.2185941010299938e-09,117,30224.0,gaussian_120_sigma60
specialized_justice,1508035,Tracuateua,3.0534982215445694e-07,41,9773.0,gaussian_120_sigma60
specialized_justice,1508050,Trairão,0.0,31,6744.0,gaussian_120_sigma60
specialized_justice,1508084,Tucumã,0.0,69,18469.0,gaussian_120_sigma60
specialized_justice,1508100,Tucuruí,0.0,158,44448.0,gaussian_120_sigma60
specialized_justice,1508126,Ulianópolis,0.0,50,17003.0,gaussian_120_sigma60
specialized_justice,1508159,Uruará,0.0,64,15110.0,gaussian_120_sigma60
specialized_justice,1508209,Vigia,1.8146690217428923e-06,100,24110.0,gaussian_120_sigma60
specialized_justice,1508308,Viseu,1.6457750616520144e-08,113,24311.0,gaussian_120_sigma60
specialized_justice,1508357,Vitória do Xingu,0.0,36,6678.0,gaussian_120_sigma60
specialized_justice,1508407,Xinguara,7.160969710209545e-08,92,25086.0,gaussian_120_sigma60
specialized_security,1500107,Abaetetuba,4.542785561261372e-06,189,61390.0,gaussian_120_sigma60
specialized_security,1500131,Abel Figueiredo,2.2546421438287303e-06,11,2904.0,gaussian_120_sigma60
specialized_security,1500206,Acará,3.237797848587533e-06,128,21279.0,gaussian_120_sigma60
specialized_security,1500347,Água Azul do Norte,3.1194025666262656e-06,38,7078.0,gaussian_120_sigma60
specialized_security,1500404,Alenquer,0.0,64,24692.0,gaussian_120_sigma60
specialized_security,1500503,Almeirim,0.0,44,12803.0,gaussian_120_sigma60
specialized_security,1500602,Altamira,1.293153861665768e-05,254,57798.0,gaussian_120_sigma60
specialized_security,1500701,Anajás,0.0,11,6120.0,gaussian_120_sigma60
specialized_security,1500800,Ananindeua,5.37569189218509e-06,637,216395.0,gaussian_120_sigma60
specialized_security,1500859,Anapu,0.0,42,11682.0,gaussian_120_sigma60
specialized_security,1500909,Augusto Corrêa,5.985421967007883e-06,85,19652.0,gaussian_120_sigma60
specialized_security,1500958,Aurora do Pará,5.082318495295582e-06,40,9167.0,gaussian_120_sigma60
specialized_security,1501006,Aveiro,1.1824199557577584e-06,24,4724.0,gaussian_120_sigma60
specialized_security,1501105,Bagre,5.927456171644419e-07,18,6788.0,gaussian_120_sigma60
specialized_security,1501204,Baião,1.619858436000036e-06,61,20104.0,gaussian_120_sigma60
specialized_security,1501253,Bannach,2.4093401685924004e-06,11,1582.0,gaussian_120_sigma60
specialized_security,1501303,Barcarena,4.611988303158069e-06,238,57552.0,gaussian_120_sigma60
specialized_security,1501402,Belém,4.720236792148173e-06,1874,637628.0,gaussian_120_sigma60
specialized_security,1501451,Belterra,4.830790966423215e-06,43,7617.0,gaussian_120_sigma60
specialized_security,1501501,Benevides,5.187900147064013e-06,181,30532.0,gaussian_120_sigma60
specialized_security,1501576,Bom Jesus do Tocantins,3.176975375911017e-06,35,7433.0,gaussian_120_sigma60
specialized_security,1501600,Bonito,5.687378105716694e-06,26,5332.0,gaussian_120_sigma60
specialized_security,1501709,Bragança,7.0695730261734455e-06,195,55750.0,gaussian_120_sigma60
specialized_security,1501725,Brasil Novo,1.2826485217943814e-05,37,8590.0,gaussian_120_sigma60
specialized_security,1501758,Brejo Grande do Araguaia,2.0123289889400815e-06,17,2980.0,gaussian_120_sigma60
specialized_security,1501782,Breu Branco,1.0583122807038204e-05,79,20704.0,gaussian_120_sigma60
specialized_security,1501808,Breves,3.4617648076989654e-05,64,28887.0,gaussian_120_sigma60
specialized_security,1501907,Bujaru,2.9546243503158896e-06,39,7707.0,gaussian_120_sigma60
specialized_security,1501956,Cachoeira do Piriá,1.5379629018130878e-06,46,8304.0,gaussian_120_sigma60
specialized_security,1502004,Cachoeira do Arari,0.0,26,7539.0,gaussian_120_sigma60
specialized_security,1502103,Cametá,2.003237259746632e-05,139,42529.0,gaussian_120_sigma60
specialized_security,1502152,Canaã dos Carajás,1.0091952259035953e-05,108,36539.0,gaussian_120_sigma60
specialized_security,1502202,Capanema,6.855494638785304e-06,118,35064.0,gaussian_120_sigma60
specialized_security,1502301,Capitão Poço,2.6868151184923894e-06,132,25741.0,gaussian_120_sigma60
specialized_security,1502400,Castanhal,5.294009894099185e-06,340,97495.0,gaussian_120_sigma60
specialized_security,1502509,Chaves,0.0,4,2317.0,gaussian_120_sigma60
specialized_security,1502608,Colares,1.2495691633441276e-06,33,6118.0,gaussian_120_sigma60
specialized_security,1502707,Conceição do Araguaia,6.0365812715128466e-06,79,20299.0,gaussian_120_sigma60
specialized_security,1502756,Concórdia do Pará,2.0199001473439175e-06,66,12238.0,gaussian_120_sigma60
specialized_security,1502764,Cumaru do Norte,3.180271851129654e-06,20,4478.0,gaussian_120_sigma60
specialized_security,1502772,Curionópolis,8.976003465110779e-06,49,9754.0,gaussian_120_sigma60
specialized_security,1502806,Curralinho,0.0,12,6588.0,gaussian_120_sigma60
specialized_security,1502855,Curuá,0.0,27,4836.0,gaussian_120_sigma60
specialized_security,1502905,Curuçá,1.7404109955688593e-06,87,19885.0,gaussian_120_sigma60
specialized_security,1502939,Dom Eliseu,1.283348506855786e-07,69,29239.0,gaussian_120_sigma60
specialized_security,1502954,Eldorado do Carajás,8.095152443653286e-06,55,12850.0,gaussian_120_sigma60
specialized_security,1503002,Faro,0.0,21,3965.0,gaussian_120_sigma60
specialized_security,1503044,Floresta do Araguaia,4.117121668250081e-06,31,7174.0,gaussian_120_sigma60
specialized_security,1503077,Garrafão do Norte,8.335206785032744e-07,52,10813.0,gaussian_120_sigma60
specialized_security,1503093,Goianésia do Pará,5.4805097010087336e-06,50,11198.0,gaussian_120_sigma60
specialized_security,1503101,Gurupá,0.0,14,6475.0,gaussian_120_sigma60
specialized_security,1503200,Igarapé-Açu,4.821483355595421e-06,61,16638.0,gaussian_120_sigma60
specialized_security,1503309,Igarapé-Miri,3.139583765318233e-06,52,16689.0,gaussian_120_sigma60
specialized_security,1503408,Inhangapi,3.3568514748390267e-06,27,4748.0,gaussian_120_sigma60
specialized_security,1503457,Ipixuna do Pará,8.431978295060535e-06,63,11531.0,gaussian_120_sigma60
specialized_security,1503507,Irituia,3.2513261515212143e-06,80,12734.0,gaussian_120_sigma60
specialized_security,1503606,Itaituba,1.694523631874106e-05,202,58684.0,gaussian_120_sigma60
specialized_security,1503705,Itupiranga,2.831064126038594e-06,94,19975.0,gaussian_120_sigma60
specialized_security,1503754,Jacareacanga,0.0,23,5495.0,gaussian_120_sigma60
specialized_security,1503804,Jacundá,1.846524334869748e-06,86,18315.0,gaussian_120_sigma60
specialized_security,1503903,Juruti,0.0,50,17868.0,gaussian_120_sigma60
specialized_security,1504000,Limoeiro do Ajuru,1.71801923472698e-05,11,4370.0,gaussian_120_sigma60
specialized_security,1504059,Mãe do Rio,5.537422627170596e-06,46,17225.0,gaussian_120_sigma60
specialized_security,1504109,Magalhães Barata,1.4175818672392287e-06,20,3887.0,gaussian_120_sigma60
specialized_security,1504208,Marabá,5.703988508603169e-06,474,127275.0,gaussian_120_sigma60
specialized_security,1504307,Maracanã,1.7408647939161642e-06,81,12462.0,gaussian_120_sigma60
specialized_security,1504406,Marapanim,1.2176693725522666e-06,77,12496.0,gaussian_120_sigma60
specialized_security,1504422,Marituba,5.576179569312521e-06,218,53590.0,gaussian_120_sigma60
specialized_security,1504455,Medicilândia,7.932696817647459e-06,33,7996.0,gaussian_120_sigma60
specialized_security,1504505,Melgaço,0.0,9,4937.0,gaussian_120_sigma60
specialized_security,1504604,Mocajuba,7.159444066579007e-07,36,11153.0,gaussian_120_sigma60
specialized_security,1504703,Moju,3.160316461239723e-06,134,28780.0,gaussian_120_sigma60
specialized_security,1504752,Mojuí dos Campos,5.328586994769287e-06,37,9118.0,gaussian_120_sigma60
specialized_security,1504802,Monte Alegre,0.0,95,25730.0,gaussian_120_sigma60
specialized_security,1504901,Muaná,0.0,25,10409.0,gaussian_120_sigma60
specialized_security,1504950,Nova Esperança do Piriá,9.781884822281e-07,32,8302.0,gaussian_120_sigma60
specialized_security,1504976,Nova Ipixuna,3.9577532291451095e-06,25,5349.0,gaussian_120_sigma60
specialized_security,1505007,Nova Timboteua,5.652309238483574e-06,31,5955.0,gaussian_120_sigma60
specialized_security,1505031,Novo Progresso,0.0,57,15730.0,gaussian_120_sigma60
specialized_security,1505064,Novo Repartimento,5.62504436343486e-06,93,21996.0,gaussian_120_sigma60
specialized_security,1505106,Óbidos,0.0,74,18742.0,gaussian_120_sigma60
specialized_security,1505205,Oeiras do Pará,4.916889330043442e-06,50,10899.0,gaussian_120_sigma60
specialized_security,1505304,Oriximiná,0.0,65,25385.0,gaussian_120_sigma60
specialized_security,1505403,Ourém,4.44398042981038e-06,47,8650.0,gaussian_120_sigma60
specialized_security,1505437,Ourilândia do Norte,1.0858874458792463e-05,62,15106.0,gaussian_120_sigma60
specialized_security,1505486,Pacajá,3.533983306120185e-07,64,14166.0,gaussian_120_sigma60
specialized_security,1505494,Palestina do Pará,1.7297215255803846e-06,13,2963.0,gaussian_120_sigma60
specialized_security,1505502,Paragominas,1.15555144263107e-05,198,51977.0,gaussian_120_sigma60
specialized_security,1505536,Parauapebas,1.0179817709368355e-05,444,132408.0,gaussian_120_sigma60
specialized_security,1505551,Pau D'Arco,1.2904890647853228e-05,13,2610.0,gaussian_120_sigma60
specialized_security,1505601,Peixe-Boi,6.006159440731694e-06,22,4059.0,gaussian_120_sigma60
specialized_security,1505635,Piçarra,1.1377190307185187e-06,28,4910.0,gaussian_120_sigma60
specialized_security,1505650,Placas,4.712341944608106e-09,31,5696.0,gaussian_120_sigma60
specialized_security,1505700,Ponta de Pedras,0.0,25,8042.0,gaussian_120_sigma60
specialized_security,1505809,Portel,0.0,29,15599.0,gaussian_120_sigma60
specialized_security,1505908,Porto de Moz,1.2216913099139453e-09,24,10600.0,gaussian_120_sigma60
specialized_security,1506005,Prainha,3.7078761297272067e-08,49,12430.0,gaussian_120_sigma60
specialized_security,1506104,Primavera,5.642221622579712e-06,21,5030.0,gaussian_120_sigma60
specialized_security,1506112,Quatipuru,4.991997459527887e-06,23,5675.0,gaussian_120_sigma60
specialized_security,1506138,Redenção,1.355582490650146e-05,162,42397.0,gaussian_120_sigma60
specialized_security,1506161,Rio Maria,8.728166183492606e-06,31,8402.0,gaussian_120_sigma60
specialized_security,1506187,Rondon do Pará,8.820818480626934e-07,62,22229.0,gaussian_120_sigma60
specialized_security,1506195,Rurópolis,0.0,53,15024.0,gaussian_120_sigma60
specialized_security,1506203,Salinópolis,2.966334426924426e-06,73,21950.0,gaussian_120_sigma60
specialized_security,1506302,Salvaterra,0.0,55,10910.0,gaussian_120_sigma60
specialized_security,1506351,Santa Bárbara do Pará,4.390812786292809e-06,44,10013.0,gaussian_120_sigma60
specialized_security,1506401,Santa Cruz do Arari,0.0,8,2852.0,gaussian_120_sigma60
specialized_security,1506500,Santa Izabel do Pará,4.9681145334527925e-06,115,32345.0,gaussian_120_sigma60
specialized_security,1506559,Santa Luzia do Pará,4.742608204445771e-06,46,8898.0,gaussian_120_sigma60
specialized_security,1506583,Santa Maria das Barreiras,4.966868201151514e-06,38,6519.0,gaussian_120_sigma60
specialized_security,1506609,Santa Maria do Pará,5.697052221676188e-06,56,12204.0,gaussian_120_sigma60
specialized_security,1506708,Santana do Araguaia,0.0,73,14754.0,gaussian_120_sigma60
specialized_security,1506807,Santarém,5.8324778026542705e-06,529,156731.0,gaussian_120_sigma60
specialized_security,1506906,Santarém Novo,4.351399913568266e-06,16,2457.0,gaussian_120_sigma60
specialized_security,1507003,Santo Antônio do Tauá,3.7515377436386885e-06,55,13411.0,gaussian_120_sigma60
specialized_security,1507102,São Caetano de Odivelas,1.506688802969048e-06,42,7848.0,gaussian_120_sigma60
specialized_security,1507151,São Domingos do Araguaia,3.9102330293581794e-06,33,9615.0,gaussian_120_sigma60
specialized_security,1507201,São Domingos do Capim,1.281771700743489e-06,44,10381.0,gaussian_120_sigma60
specialized_security,1507300,São Félix do Xingu,2.2836680265009595e-05,128,25504.0,gaussian_120_sigma60
specialized_security,1507409,São Francisco do Pará,4.309210615918761e-06,27,6944.0,gaussian_120_sigma60
specialized_security,1507458,São Geraldo do Araguaia,5.688262887881317e-07,47,10931.0,gaussian_120_sigma60
specialized_security,1507466,São João da Ponta,1.8667618870583838e-06,18,2001.0,gaussian_120_sigma60
specialized_security,1507474,São João de Pirabas,4.20775649657124e-06,36,8770.0,gaussian_120_sigma60
specialized_security,1507508,São João do Araguaia,4.347890699793102e-06,33,5932.0,gaussian_120_sigma60
specialized_security,1507607,São Miguel do Guamá,4.841722566086771e-06,100,25115.0,gaussian_120_sigma60
specialized_security,1507706,São Sebastião da Boa Vista,0.0,16,5557.0,gaussian_120_sigma60
specialized_security,1507755,Sapucaia,6.9026585274710655e-06,11,2879.0,gaussian_120_sigma60
specialized_security,1507805,Senador José Porfírio,0.0,31,6913.0,gaussian_120_sigma60
specialized_security,1507904,Soure,8.283631544068921e-05,32,12072.0,gaussian_120_sigma60
specialized_security,1507953,Tailândia,2.805139227486288e-07,123,33966.0,gaussian_120_sigma60
specialized_security,1507961,Terra Alta,2.8204788038397063e-06,23,4958.0,gaussian_120_sigma60
specialized_security,1507979,Terra Santa,0.0,25,8173.0,gaussian_120_sigma60
specialized_security,1508001,Tomé-Açu,7.845489247325518e-08,117,30224.0,gaussian_120_sigma60
specialized_security,1508035,Tracuateua,7.332809028032158e-06,41,9773.0,gaussian_120_sigma60
specialized_security,1508050,Trairão,0.0,31,6744.0,gaussian_120_sigma60
specialized_security,1508084,Tucumã,1.372782223978972e-05,69,18469.0,gaussian_120_sigma60
specialized_security,1508100,Tucuruí,1.2949619525205605e-05,158,44448.0,gaussian_120_sigma60
specialized_security,1508126,Ulianópolis,4.709863195415583e-06,50,17003.0,gaussian_120_sigma60
specialized_security,1508159,Uruará,2.605214367355395e-07,64,15110.0,gaussian_120_sigma60
specialized_security,1508209,Vigia,2.022644219631781e-06,100,24110.0,gaussian_120_sigma60
specialized_security,1508308,Viseu,2.2253318161381633e-06,113,24311.0,gaussian_120_sigma60
specialized_security,1508357,Vitória do Xingu,1.1234523872628606e-05,36,6678.0,gaussian_120_sigma60
specialized_security,1508407,Xinguara,7.603348837271954e-06,92,25086.0,gaussian_120_sigma60
creas,1500107,Abaetetuba,3.3323634841759314e-05,189,61390.0,unbounded_no_decay
creas,1500131,Abel Figueiredo,3.3323634841759314e-05,11,2904.0,unbounded_no_decay
creas,1500206,Acará,3.313571077667115e-05,128,21279.0,unbounded_no_decay
creas,1500347,Água Azul do Norte,3.3323634841759314e-05,38,7078.0,unbounded_no_decay
creas,1500404,Alenquer,5.634156701426391e-05,64,24692.0,unbounded_no_decay
creas,1500503,Almeirim,7.810669374365383e-05,44,12803.0,unbounded_no_decay
creas,1500602,Altamira,3.433098581918418e-05,254,57798.0,unbounded_no_decay
creas,1500701,Anajás,0.00016339869281045748,11,6120.0,unbounded_no_decay
creas,1500800,Ananindeua,3.3323634841759314e-05,637,216395.0,unbounded_no_decay
creas,1500859,Anapu,3.332363484175931e-05,42,11682.0,unbounded_no_decay
creas,1500909,Augusto Corrêa,3.332363484175931e-05,85,19652.0,unbounded_no_decay
creas,1500958,Aurora do Pará,3.332363484175932e-05,40,9167.0,unbounded_no_decay
creas,1501006,Aveiro,0.0002299667609205785,24,4724.0,unbounded_no_decay
creas,1501105,Bagre,3.3087993346119295e-06,18,6788.0,unbounded_no_decay
creas,1501204,Baião,3.3323634841759314e-05,61,20104.0,unbounded_no_decay
creas,1501253,Bannach,3.3323634841759314e-05,11,1582.0,unbounded_no_decay
creas,1501303,Barcarena,3.2373466563066525e-05,238,57552.0,unbounded_no_decay
creas,1501402,Belém,3.323609620110999e-05,1874,637628.0,unbounded_no_decay
creas,1501451,Belterra,3.5525240683505626e-05,43,7617.0,unbounded_no_decay
creas,1501501,Benevides,3.3323634841759314e-05,181,30532.0,unbounded_no_decay
creas,1501576,Bom Jesus do Tocantins,3.3323634841759314e-05,35,7433.0,unbounded_no_decay
creas,1501600,Bonito,3.3323634841759314e-05,26,5332.0,unbounded_no_decay
creas,1501709,Bragança,3.279703175125546e-05,195,55750.0,unbounded_no_decay
creas,1501725,Brasil Novo,3.5525240683505626e-05,37,8590.0,unbounded_no_decay
creas,1501758,Brejo Grande do Araguaia,3.332363484175932e-05,17,2980.0,unbounded_no_decay
creas,1501782,Breu Branco,3.3323634841759314e-05,79,20704.0,unbounded_no_decay
creas,1501808,Breves,3.461764807698965e-05,64,28887.0,unbounded_no_decay
creas,1501907,Bujaru,3.332363484175931e-05,39,7707.0,unbounded_no_decay
creas,1501956,Cachoeira do Piriá,3.332363484175932e-05,46,8304.0,unbounded_no_decay
creas,1502004,Cachoeira do Arari,0.00013264358668258389,26,7539.0,unbounded_no_decay
creas,1502103,Cametá,3.2000217426637125e-05,139,42529.0,unbounded_no_decay
creas,1502152,Canaã dos Carajás,3.3323634841759314e-05,108,36539.0,unbounded_no_decay
creas,1502202,Capanema,3.332363484175931e-05,118,35064.0,unbounded_no_decay
creas,1502301,Capitão Poço,3.3323634841759314e-05,132,25741.0,unbounded_no_decay
creas,1502400,Castanhal,3.3323634841759314e-05,340,97495.0,unbounded_no_decay
creas,1502509,Chaves,0.00043159257660768235,4,2317.0,unbounded_no_decay
creas,1502608,Colares,3.332363484175932e-05,33,6118.0,unbounded_no_decay
creas,1502707,Conceição do Araguaia,3.332363484175931e-05,79,20299.0,unbounded_no_decay
creas,1502756,Concórdia do Pará,3.3323634841759314e-05,66,12238.0,unbounded_no_decay
creas,1502764,Cumaru do Norte,3.332363484175932e-05,20,4478.0,unbounded_no_decay
creas,1502772,Curionópolis,3.3323634841759314e-05,49,9754.0,unbounded_no_decay
creas,1502806,Curralinho,0.00015179113539769278,12,6588.0,unbounded_no_decay
creas,1502855,Curuá,5.559344119190435e-05,27,4836.0,unbounded_no_decay
creas,1502905,Curuçá,3.157575698709725e-05,87,19885.0,unbounded_no_decay
creas,1502939,Dom Eliseu,3.3323634841759314e-05,69,29239.0,unbounded_no_decay
creas,1502954,Eldorado do Carajás,3.332363484175932e-05,55,12850.0,unbounded_no_decay
creas,1503002,Faro,0.00014791732108415545,21,3965.0,unbounded_no_decay
creas,1503044,Floresta do Araguaia,3.3323634841759314e-05,31,7174.0,unbounded_no_decay
creas,1503077,Garrafão do Norte,3.304318993557232e-05,52,10813.0,unbounded_no_decay
creas,1503093,Goianésia do Pará,3.3323634841759314e-05,50,11198.0,unbounded_no_decay
creas,1503101,Gurupá,0.00015444015444015445,14,6475.0,unbounded_no_decay
creas,1503200,Igarapé-Açu,3.332363484175931e-05,61,16638.0,unbounded_no_decay
creas,1503309,Igarapé-Miri,3.30161365035946e-05,52,16689.0,unbounded_no_decay
creas,1503408,Inhangapi,3.3323634841759314e-05,27,4748.0,unbounded_no_decay
creas,1503457,Ipixuna do Pará,3.332363484175932e-05,63,11531.0,unbounded_no_decay
creas,1503507,Irituia,3.3323634841759314e-05,80,12734.0,unbounded_no_decay
creas,1503606,Itaituba,3.6446434540857354e-05,202,58684.0,unbounded_no_decay
creas,1503705,Itupiranga,3.332363484175932e-05,94,19975.0,unbounded_no_decay
creas,1503754,Jacareacanga,3.5010736133431086e-05,23,5495.0,unbounded_no_decay
creas,1503804,Jacundá,3.264133273607219e-05,86,18315.0,unbounded_no_decay
creas,1503903,Juruti,3.8346200878427995e-05,50,17868.0,unbounded_no_decay
creas,1504000,Limoeiro do Ajuru,3.0944464573880844e-05,11,4370.0,unbounded_no_decay
creas,1504059,Mãe do Rio,3.332363484175932e-05,46,17225.0,unbounded_no_decay
creas,1504109,Magalhães Barata,3.3323634841759314e-05,20,3887.0,unbounded_no_decay
creas,1504208,Marabá,3.332363484175932e-05,474,127275.0,unbounded_no_decay
creas,1504307,Maracanã,3.1957210720098345e-05,81,12462.0,unbounded_no_decay
creas,1504406,Marapanim,3.295562414968482e-05,77,12496.0,unbounded_no_decay
creas,1504422,Marituba,3.3323634841759314e-05,218,53590.0,unbounded_no_decay
creas,1504455,Medicilândia,3.552524068350564e-05,33,7996.0,unbounded_no_decay
creas,1504505,Melgaço,0.00020255215718047398,9,4937.0,unbounded_no_decay
creas,1504604,Mocajuba,3.3323634841759314e-05,36,11153.0,unbounded_no_decay
creas,1504703,Moju,3.325416235772507e-05,134,28780.0,unbounded_no_decay
creas,1504752,Mojuí dos Campos,3.462522636042055e-05,37,9118.0,unbounded_no_decay
creas,1504802,Monte Alegre,5.752029987249668e-05,95,25730.0,unbounded_no_decay
creas,1504901,Muaná,9.607070804111827e-05,25,10409.0,unbounded_no_decay
creas,1504950,Nova Esperança do Piriá,3.3323634841759314e-05,32,8302.0,unbounded_no_decay
creas,1504976,Nova Ipixuna,3.3323634841759314e-05,25,5349.0,unbounded_no_decay
creas,1505007,Nova Timboteua,3.3323634841759314e-05,31,5955.0,unbounded_no_decay
creas,1505031,Novo Progresso,3.552524068350563e-05,57,15730.0,unbounded_no_decay
creas,1505064,Novo Repartimento,3.332363484175931e-05,93,21996.0,unbounded_no_decay
creas,1505106,Óbidos,5.722260116970977e-05,74,18742.0,unbounded_no_decay
creas,1505205,Oeiras do Pará,0.00010166699218201904,50,10899.0,unbounded_no_decay
creas,1505304,Oriximiná,6.044079268752485e-05,65,25385.0,unbounded_no_decay
creas,1505403,Ourém,3.332363484175931e-05,47,8650.0,unbounded_no_decay
creas,1505437,Ourilândia do Norte,3.3323634841759314e-05,62,15106.0,unbounded_no_decay
creas,1505486,Pacajá,3.3323634841759314e-05,64,14166.0,unbounded_no_decay
creas,1505494,Palestina do Pará,3.332363484175931e-05,13,2963.0,unbounded_no_decay
creas,1505502,Paragominas,3.3323634841759314e-05,198,51977.0,unbounded_no_decay
creas,1505536,Parauapebas,3.332363484175931e-05,444,132408.0,unbounded_no_decay
creas,1505551,Pau D'Arco,3.332363484175932e-05,13,2610.0,unbounded_no_decay
creas,1505601,Peixe-Boi,3.332363484175931e-05,22,4059.0,unbounded_no_decay
creas,1505635,Piçarra,3.3323634841759314e-05,28,4910.0,unbounded_no_decay
creas,1505650,Placas,3.552524068350563e-05,31,5696.0,unbounded_no_decay
creas,1505700,Ponta de Pedras,0.00012434717731907486,25,8042.0,unbounded_no_decay
creas,1505809,Portel,6.433525411424245e-05,29,15599.0,unbounded_no_decay
creas,1505908,Porto de Moz,1.0054313400992161e-08,24,10600.0,unbounded_no_decay
creas,1506005,Prainha,3.09035998277787e-05,49,12430.0,unbounded_no_decay
creas,1506104,Primavera,3.3323634841759314e-05,21,5030.0,unbounded_no_decay
creas,1506112,Quatipuru,3.3323634841759314e-05,23,5675.0,unbounded_no_decay
creas,1506138,Redenção,3.304303627019746e-05,162,42397.0,unbounded_no_decay
creas,1506161,Rio Maria,3.332363484175931e-05,31,8402.0,unbounded_no_decay
creas,1506187,Rondon do Pará,3.3323634841759314e-05,62,22229.0,unbounded_no_decay
creas,1506195,Rurópolis,3.552524068350563e-05,53,15024.0,unbounded_no_decay
creas,1506203,Salinópolis,3.3323634841759314e-05,73,21950.0,unbounded_no_decay
creas,1506302,Salvaterra,9.16590284142988e-05,55,10910.0,unbounded_no_decay
creas,1506351,Santa Bárbara do Pará,3.332363484175931e-05,44,10013.0,unbounded_no_decay
creas,1506401,Santa Cruz do Arari,3.3323634841759314e-05,8,2852.0,unbounded_no_decay
creas,1506500,Santa Izabel do Pará,3.332363484175932e-05,115,32345.0,unbounded_no_decay
creas,1506559,Santa Luzia do Pará,3.332363484175932e-05,46,8898.0,unbounded_no_decay
creas,1506583,Santa Maria das Barreiras,3.332363484175931e-05,38,6519.0,unbounded_no_decay
creas,1506609,Santa Maria do Pará,3.242528382054178e-05,56,12204.0,unbounded_no_decay
creas,1506708,Santana do Araguaia,3.3323634841759314e-05,73,14754.0,unbounded_no_decay
creas,1506807,Santarém,3.4977479503900576e-05,529,156731.0,unbounded_no_decay
creas,1506906,Santarém Novo,3.3323634841759314e-05,16,2457.0,unbounded_no_decay
creas,1507003,Santo Antônio do Tauá,3.332363484175931e-05,55,13411.0,unbounded_no_decay
creas,1507102,São Caetano de Odivelas,3.237250153332989e-05,42,7848.0,unbounded_no_decay
creas,1507151,São Domingos do Araguaia,3.3323634841759314e-05,33,9615.0,unbounded_no_decay
creas,1507201,São Domingos do Capim,3.3323634841759314e-05,44,10381.0,unbounded_no_decay
creas,1507300,São Félix do Xingu,3.120432274509473e-05,128,25504.0,unbounded_no_decay
creas,1507409,São Francisco do Pará,3.1135331632104616e-05,27,6944.0,unbounded_no_decay
creas,1507458,São Geraldo do Araguaia,3.1973129834449886e-05,47,10931.0,unbounded_no_decay
creas,1507466,São João da Ponta,2.9976283215975393e-05,18,2001.0,unbounded_no_decay
creas,1507474,São João de Pirabas,3.3323634841759314e-05,36,8770.0,unbounded_no_decay
creas,1507508,São João do Araguaia,3.3323634841759314e-05,33,5932.0,unbounded_no_decay
creas,1507607,São Miguel do Guamá,3.3323634841759314e-05,100,25115.0,unbounded_no_decay
creas,1507706,São Sebastião da Boa Vista,0.00017995321216483713,16,5557.0,unbounded_no_decay
creas,1507755,Sapucaia,3.3323634841759314e-05,11,2879.0,unbounded_no_decay
creas,1507805,Senador José Porfírio,2.4029845173755268e-05,31,6913.0,unbounded_no_decay
creas,1507904,Soure,8.28363154406892e-05,32,12072.0,unbounded_no_decay
creas,1507953,Tailândia,3.3323634841759314e-05,123,33966.0,unbounded_no_decay
creas,1507961,Terra Alta,3.332363484175932e-05,23,4958.0,unbounded_no_decay
creas,1507979,Terra Santa,0.0001504211793020457,25,8173.0,unbounded_no_decay
creas,1508001,Tomé-Açu,3.3323634841759314e-05,117,30224.0,unbounded_no_decay
creas,1508035,Tracuateua,3.3323634841759314e-05,41,9773.0,unbounded_no_decay
creas,1508050,Trairão,3.552524068350563e-05,31,6744.0,unbounded_no_decay
creas,1508084,Tucumã,3.332363484175931e-05,69,18469.0,unbounded_no_decay
creas,1508100,Tucuruí,3.3323634841759314e-05,158,44448.0,unbounded_no_decay
creas,1508126,Ulianópolis,3.332363484175932e-05,50,17003.0,unbounded_no_decay
creas,1508159,Uruará,3.552524068350563e-05,64,15110.0,unbounded_no_decay
creas,1508209,Vigia,3.332363484175931e-05,100,24110.0,unbounded_no_decay
creas,1508308,Viseu,3.309472418326836e-05,113,24311.0,unbounded_no_decay
creas,1508357,Vitória do Xingu,3.552524068350563e-05,36,6678.0,unbounded_no_decay
creas,1508407,Xinguara,3.332363484175931e-05,92,25086.0,unbounded_no_decay
health,1500107,Abaetetuba,1.182451558901137e-05,189,61390.0,unbounded_no_decay
health,1500131,Abel Figueiredo,1.1824515589011371e-05,11,2904.0,unbounded_no_decay
health,1500206,Acará,1.175783285623815e-05,128,21279.0,unbounded_no_decay
health,1500347,Água Azul do Norte,1.182451558901137e-05,38,7078.0,unbounded_no_decay
health,1500404,Alenquer,0.0,64,24692.0,unbounded_no_decay
health,1500503,Almeirim,0.0,44,12803.0,unbounded_no_decay
health,1500602,Altamira,3.433098581918418e-05,254,57798.0,unbounded_no_decay
health,1500701,Anajás,0.0,11,6120.0,unbounded_no_decay
health,1500800,Ananindeua,1.1824515589011368e-05,637,216395.0,unbounded_no_decay
health,1500859,Anapu,1.1824515589011366e-05,42,11682.0,unbounded_no_decay
health,1500909,Augusto Corrêa,1.182451558901137e-05,85,19652.0,unbounded_no_decay
health,1500958,Aurora do Pará,1.182451558901137e-05,40,9167.0,unbounded_no_decay
health,1501006,Aveiro,4.567159527548809e-05,24,4724.0,unbounded_no_decay
health,1501105,Bagre,1.1740900864752009e-06,18,6788.0,unbounded_no_decay
health,1501204,Baião,1.1824515589011371e-05,61,20104.0,unbounded_no_decay
health,1501253,Bannach,1.1824515589011373e-05,11,1582.0,unbounded_no_decay
health,1501303,Barcarena,1.1487359103023608e-05,238,57552.0,unbounded_no_decay
health,1501402,Belém,1.1793453490716447e-05,1874,637628.0,unbounded_no_decay
health,1501451,Belterra,3.5525240683505626e-05,43,7617.0,unbounded_no_decay
health,1501501,Benevides,1.182451558901137e-05,181,30532.0,unbounded_no_decay
health,1501576,Bom Jesus do Tocantins,1.1824515589011371e-05,35,7433.0,unbounded_no_decay
health,1501600,Bonito,1.1824515589011371e-05,26,5332.0,unbounded_no_decay
health,1501709,Bragança,1.1637656427864841e-05,195,55750.0,unbounded_no_decay
health,1501725,Brasil Novo,3.5525240683505626e-05,37,8590.0,unbounded_no_decay
health,1501758,Brejo Grande do Araguaia,1.182451558901137e-05,17,2980.0,unbounded_no_decay
health,1501782,Breu Branco,1.182451558901137e-05,79,20704.0,unbounded_no_decay
health,1501808,Breves,3.461764807698965e-05,64,28887.0,unbounded_no_decay
health,1501907,Bujaru,1.182451558901137e-05,39,7707.0,unbounded_no_decay
health,1501956,Cachoeira do Piriá,1.1824515589011368e-05,46,8304.0,unbounded_no_decay
health,1502004,Cachoeira do Arari,0.0,26,7539.0,unbounded_no_decay
health,1502103,Cametá,1.1354915861064788e-05,139,42529.0,unbounded_no_decay
health,1502152,Canaã dos Carajás,1.182451558901137e-05,108,36539.0,unbounded_no_decay
health,1502202,Capanema,1.1824515589011368e-05,118,35064.0,unbounded_no_decay
health,1502301,Capitão Poço,1.182451558901137e-05,132,25741.0,unbounded_no_decay
health,1502400,Castanhal,1.1824515589011371e-05,340,97495.0,unbounded_no_decay
health,1502509,Chaves,0.0,4,2317.0,unbounded_no_decay
health,1502608,Colares,1.182451558901137e-05,33,6118.0,unbounded_no_decay
health,1502707,Conceição do Araguaia,1.182451558901137e-05,79,20299.0,unbounded_no_decay
health,1502756,Concórdia do Pará,1.182451558901137e-05,66,12238.0,unbounded_no_decay
health,1502764,Cumaru do Norte,1.182451558901137e-05,20,4478.0,unbounded_no_decay
health,1502772,Curionópolis,1.1824515589011371e-05,49,9754.0,unbounded_no_decay
health,1502806,Curralinho,0.0,12,6588.0,unbounded_no_decay
health,1502855,Curuá,0.0,27,4836.0,unbounded_no_decay
health,1502905,Curuçá,1.1204300866389346e-05,87,19885.0,unbounded_no_decay
health,1502939,Dom Eliseu,1.1824515589011368e-05,69,29239.0,unbounded_no_decay
health,1502954,Eldorado do Carajás,1.1824515589011371e-05,55,12850.0,unbounded_no_decay
health,1503002,Faro,0.0,21,3965.0,unbounded_no_decay
health,1503044,Floresta do Araguaia,1.1824515589011368e-05,31,7174.0,unbounded_no_decay
health,1503077,Garrafão do Norte,1.1725002880364365e-05,52,10813.0,unbounded_no_decay
health,1503093,Goianésia do Pará,1.1824515589011368e-05,50,11198.0,unbounded_no_decay
health,1503101,Gurupá,0.0,14,6475.0,unbounded_no_decay
health,1503200,Igarapé-Açu,1.1824515589011366e-05,61,16638.0,unbounded_no_decay
health,1503309,Igarapé-Miri,1.1715403275469053e-05,52,16689.0,unbounded_no_decay
health,1503408,Inhangapi,1.1824515589011368e-05,27,4748.0,unbounded_no_decay
health,1503457,Ipixuna do Pará,1.182451558901137e-05,63,11531.0,unbounded_no_decay
health,1503507,Irituia,1.182451558901137e-05,80,12734.0,unbounded_no_decay
health,1503606,Itaituba,0.0002180149554868354,202,58684.0,unbounded_no_decay
health,1503705,Itupiranga,1.182451558901137e-05,94,19975.0,unbounded_no_decay
health,1503754,Jacareacanga,0.00024507515293401764,23,5495.0,unbounded_no_decay
health,1503804,Jacundá,1.1582408390219164e-05,86,18315.0,unbounded_no_decay
health,1503903,Juruti,0.000268423406148996,50,17868.0,unbounded_no_decay
health,1504000,Limoeiro do Ajuru,1.0980293881054493e-05,11,4370.0,unbounded_no_decay
health,1504059,Mãe do Rio,1.1824515589011371e-05,46,17225.0,unbounded_no_decay
health,1504109,Magalhães Barata,1.1824515589011371e-05,20,3887.0,unbounded_no_decay
health,1504208,Marabá,1.182451558901137e-05,474,127275.0,unbounded_no_decay
health,1504307,Maracanã,1.1339655416809089e-05,81,12462.0,unbounded_no_decay
health,1504406,Marapanim,1.1693931149888162e-05,77,12496.0,unbounded_no_decay
health,1504422,Marituba,1.1824515589011371e-05,218,53590.0,unbounded_no_decay
health,1504455,Medicilândia,3.552524068350564e-05,33,7996.0,unbounded_no_decay
health,1504505,Melgaço,0.0,9,4937.0,unbounded_no_decay
health,1504604,Mocajuba,1.1824515589011368e-05,36,11153.0,unbounded_no_decay
health,1504703,Moju,1.1799864062418573e-05,134,28780.0,unbounded_no_decay
health,1504752,Mojuí dos Campos,3.462522636042055e-05,37,9118.0,unbounded_no_decay
health,1504802,Monte Alegre,0.0,95,25730.0,unbounded_no_decay
health,1504901,Muaná,0.0,25,10409.0,unbounded_no_decay
health,1504950,Nova Esperança do Piriá,1.1824515589011371e-05,32,8302.0,unbounded_no_decay
health,1504976,Nova Ipixuna,1.182451558901137e-05,25,5349.0,unbounded_no_decay
health,1505007,Nova Timboteua,1.1824515589011371e-05,31,5955.0,unbounded_no_decay
health,1505031,Novo Progresso,3.552524068350563e-05,57,15730.0,unbounded_no_decay
health,1505064,Novo Repartimento,1.1824515589011368e-05,93,21996.0,unbounded_no_decay
health,1505106,Óbidos,0.0,74,18742.0,unbounded_no_decay
health,1505205,Oeiras do Pará,3.5183873800499013e-06,50,10899.0,unbounded_no_decay
health,1505304,Oriximiná,0.0,65,25385.0,unbounded_no_decay
health,1505403,Ourém,1.182451558901137e-05,47,8650.0,unbounded_no_decay
health,1505437,Ourilândia do Norte,1.1824515589011371e-05,62,15106.0,unbounded_no_decay
health,1505486,Pacajá,1.182451558901137e-05,64,14166.0,unbounded_no_decay
health,1505494,Palestina do Pará,1.1824515589011368e-05,13,2963.0,unbounded_no_decay
health,1505502,Paragominas,1.182451558901137e-05,198,51977.0,unbounded_no_decay
health,1505536,Parauapebas,1.182451558901137e-05,444,132408.0,unbounded_no_decay
health,1505551,Pau D'Arco,1.1824515589011371e-05,13,2610.0,unbounded_no_decay
health,1505601,Peixe-Boi,1.182451558901137e-05,22,4059.0,unbounded_no_decay
health,1505635,Piçarra,1.1824515589011366e-05,28,4910.0,unbounded_no_decay
health,1505650,Placas,3.552524068350563e-05,31,5696.0,unbounded_no_decay
health,1505700,Ponta de Pedras,0.0,25,8042.0,unbounded_no_decay
health,1505809,Portel,8.110924854312561e-08,29,15599.0,unbounded_no_decay
health,1505908,Porto de Moz,9.434967695491044e-05,24,10600.0,unbounded_no_decay
health,1506005,Prainha,9.40289958557792e-07,49,12430.0,unbounded_no_decay
health,1506104,Primavera,1.182451558901137e-05,21,5030.0,unbounded_no_decay
health,1506112,Quatipuru,1.182451558901137e-05,23,5675.0,unbounded_no_decay
health,1506138,Redenção,1.1724948353941031e-05,162,42397.0,unbounded_no_decay
health,1506161,Rio Maria,1.182451558901137e-05,31,8402.0,unbounded_no_decay
health,1506187,Rondon do Pará,1.1824515589011371e-05,62,22229.0,unbounded_no_decay
health,1506195,Rurópolis,3.552524068350563e-05,53,15024.0,unbounded_no_decay
health,1506203,Salinópolis,1.1824515589011371e-05,73,21950.0,unbounded_no_decay
health,1506302,Salvaterra,0.0,55,10910.0,unbounded_no_decay
health,1506351,Santa Bárbara do Pará,1.1824515589011368e-05,44,10013.0,unbounded_no_decay
health,1506401,Santa Cruz do Arari,1.1824515589011368e-05,8,2852.0,unbounded_no_decay
health,1506500,Santa Izabel do Pará,1.182451558901137e-05,115,32345.0,unbounded_no_decay
health,1506559,Santa Luzia do Pará,1.1824515589011371e-05,46,8898.0,unbounded_no_decay
health,1506583,Santa Maria das Barreiras,1.182451558901137e-05,38,6519.0,unbounded_no_decay
health,1506609,Santa Maria do Pará,1.1505745871805148e-05,56,12204.0,unbounded_no_decay
health,1506708,Santana do Araguaia,1.1824515589011368e-05,73,14754.0,unbounded_no_decay
health,1506807,Santarém,4.7005967211908074e-05,529,156731.0,unbounded_no_decay
health,1506906,Santarém Novo,1.182451558901137e-05,16,2457.0,unbounded_no_decay
health,1507003,Santo Antônio do Tauá,1.1824515589011371e-05,55,13411.0,unbounded_no_decay
health,1507102,São Caetano de Odivelas,1.148701667311706e-05,42,7848.0,unbounded_no_decay
health,1507151,São Domingos do Araguaia,1.182451558901137e-05,33,9615.0,unbounded_no_decay
health,1507201,São Domingos do Capim,1.1824515589011368e-05,44,10381.0,unbounded_no_decay
health,1507300,São Félix do Xingu,1.1072501619227162e-05,128,25504.0,unbounded_no_decay
health,1507409,São Francisco do Pará,1.1048020901714541e-05,27,6944.0,unbounded_no_decay
health,1507458,São Geraldo do Araguaia,1.13453041348048e-05,47,10931.0,unbounded_no_decay
health,1507466,São João da Ponta,1.0636745657281593e-05,18,2001.0,unbounded_no_decay
health,1507474,São João de Pirabas,1.182451558901137e-05,36,8770.0,unbounded_no_decay
health,1507508,São João do Araguaia,1.1824515589011371e-05,33,5932.0,unbounded_no_decay
health,1507607,São Miguel do Guamá,1.1824515589011371e-05,100,25115.0,unbounded_no_decay
health,1507706,São Sebastião da Boa Vista,0.0,16,5557.0,unbounded_no_decay
health,1507755,Sapucaia,1.1824515589011368e-05,11,2879.0,unbounded_no_decay
health,1507805,Senador José Porfírio,8.526719255203485e-06,31,6913.0,unbounded_no_decay
health,1507904,Soure,0.0,32,12072.0,unbounded_no_decay
health,1507953,Tailândia,1.1824515589011371e-05,123,33966.0,unbounded_no_decay
health,1507961,Terra Alta,1.182451558901137e-05,23,4958.0,unbounded_no_decay
health,1507979,Terra Santa,0.0,25,8173.0,unbounded_no_decay
health,1508001,Tomé-Açu,1.182451558901137e-05,117,30224.0,unbounded_no_decay
health,1508035,Tracuateua,1.1824515589011371e-05,41,9773.0,unbounded_no_decay
health,1508050,Trairão,3.552524068350563e-05,31,6744.0,unbounded_no_decay
health,1508084,Tucumã,1.1824515589011368e-05,69,18469.0,unbounded_no_decay
health,1508100,Tucuruí,1.182451558901137e-05,158,44448.0,unbounded_no_decay
health,1508126,Ulianópolis,1.182451558901137e-05,50,17003.0,unbounded_no_decay
health,1508159,Uruará,3.552524068350563e-05,64,15110.0,unbounded_no_decay
health,1508209,Vigia,1.1824515589011371e-05,100,24110.0,unbounded_no_decay
health,1508308,Viseu,1.174328922632103e-05,113,24311.0,unbounded_no_decay
health,1508357,Vitória do Xingu,3.552524068350563e-05,36,6678.0,unbounded_no_decay
health,1508407,Xinguara,1.182451558901137e-05,92,25086.0,unbounded_no_decay
specialized_justice,1500107,Abaetetuba,1.7915932710623285e-06,189,61390.0,unbounded_no_decay
specialized_justice,1500131,Abel Figueiredo,1.7915932710623287e-06,11,2904.0,unbounded_no_decay
specialized_justice,1500206,Acará,1.7814898267027502e-06,128,21279.0,unbounded_no_decay
specialized_justice,1500347,Água Azul do Norte,1.7915932710623287e-06,38,7078.0,unbounded_no_decay
specialized_justice,1500404,Alenquer,0.0,64,24692.0,unbounded_no_decay
specialized_justice,1500503,Almeirim,0.0,44,12803.0,unbounded_no_decay
specialized_justice,1500602,Altamira,3.1209987108349255e-06,254,57798.0,unbounded_no_decay
specialized_justice,1500701,Anajás,0.0,11,6120.0,unbounded_no_decay
specialized_justice,1500800,Ananindeua,1.7915932710623287e-06,637,216395.0,unbounded_no_decay
specialized_justice,1500859,Anapu,1.7915932710623289e-06,42,11682.0,unbounded_no_decay
specialized_justice,1500909,Augusto Corrêa,1.791593271062329e-06,85,19652.0,unbounded_no_decay
specialized_justice,1500958,Aurora do Pará,1.7915932710623285e-06,40,9167.0,unbounded_no_decay
specialized_justice,1501006,Aveiro,1.2469794281947939e-06,24,4724.0,unbounded_no_decay
specialized_justice,1501105,Bagre,1.778924373447274e-07,18,6788.0,unbounded_no_decay
specialized_justice,1501204,Baião,1.7915932710623289e-06,61,20104.0,unbounded_no_decay
specialized_justice,1501253,Bannach,1.7915932710623287e-06,11,1582.0,unbounded_no_decay
specialized_justice,1501303,Barcarena,1.740508955003577e-06,238,57552.0,unbounded_no_decay
specialized_justice,1501402,Belém,1.7868868925327952e-06,1874,637628.0,unbounded_no_decay
specialized_justice,1501451,Belterra,3.2295673348641484e-06,43,7617.0,unbounded_no_decay
specialized_justice,1501501,Benevides,1.7915932710623289e-06,181,30532.0,unbounded_no_decay
specialized_justice,1501576,Bom Jesus do Tocantins,1.7915932710623287e-06,35,7433.0,unbounded_no_decay
specialized_justice,1501600,Bonito,1.7915932710623287e-06,26,5332.0,unbounded_no_decay
specialized_justice,1501709,Bragança,1.7632812769492183e-06,195,55750.0,unbounded_no_decay
specialized_justice,1501725,Brasil Novo,3.2295673348641484e-06,37,8590.0,unbounded_no_decay
specialized_justice,1501758,Brejo Grande do Araguaia,1.7915932710623287e-06,17,2980.0,unbounded_no_decay
specialized_justice,1501782,Breu Branco,1.7915932710623285e-06,79,20704.0,unbounded_no_decay
specialized_justice,1501808,Breves,0.0,64,28887.0,unbounded_no_decay
specialized_justice,1501907,Bujaru,1.7915932710623287e-06,39,7707.0,unbounded_no_decay
specialized_justice,1501956,Cachoeira do Piriá,1.7915932710623287e-06,46,8304.0,unbounded_no_decay
specialized_justice,1502004,Cachoeira do Arari,0.0,26,7539.0,unbounded_no_decay
specialized_justice,1502103,Cametá,1.7204417971310281e-06,139,42529.0,unbounded_no_decay
specialized_justice,1502152,Canaã dos Carajás,1.7915932710623289e-06,108,36539.0,unbounded_no_decay
specialized_justice,1502202,Capanema,1.7915932710623287e-06,118,35064.0,unbounded_no_decay
specialized_justice,1502301,Capitão Poço,1.7915932710623285e-06,132,25741.0,unbounded_no_decay
specialized_justice,1502400,Castanhal,1.7915932710623287e-06,340,97495.0,unbounded_no_decay
specialized_justice,1502509,Chaves,0.0,4,2317.0,unbounded_no_decay
specialized_justice,1502608,Colares,1.7915932710623283e-06,33,6118.0,unbounded_no_decay
specialized_justice,1502707,Conceição do Araguaia,1.7915932710623285e-06,79,20299.0,unbounded_no_decay
specialized_justice,1502756,Concórdia do Pará,1.7915932710623285e-06,66,12238.0,unbounded_no_decay
specialized_justice,1502764,Cumaru do Norte,1.7915932710623285e-06,20,4478.0,unbounded_no_decay
specialized_justice,1502772,Curionópolis,1.7915932710623289e-06,49,9754.0,unbounded_no_decay
specialized_justice,1502806,Curralinho,0.0,12,6588.0,unbounded_no_decay
specialized_justice,1502855,Curuá,0.0,27,4836.0,unbounded_no_decay
specialized_justice,1502905,Curuçá,1.6976213433923254e-06,87,19885.0,unbounded_no_decay
specialized_justice,1502939,Dom Eliseu,1.791593271062329e-06,69,29239.0,unbounded_no_decay
specialized_justice,1502954,Eldorado do Carajás,1.7915932710623287e-06,55,12850.0,unbounded_no_decay
specialized_justice,1503002,Faro,0.0,21,3965.0,unbounded_no_decay
specialized_justice,1503044,Floresta do Araguaia,1.7915932710623289e-06,31,7174.0,unbounded_no_decay
specialized_justice,1503077,Garrafão do Norte,1.7765155879339948e-06,52,10813.0,unbounded_no_decay
specialized_justice,1503093,Goianésia do Pará,1.7915932710623287e-06,50,11198.0,unbounded_no_decay
specialized_justice,1503101,Gurupá,0.0,14,6475.0,unbounded_no_decay
specialized_justice,1503200,Igarapé-Açu,1.7915932710623287e-06,61,16638.0,unbounded_no_decay
specialized_justice,1503309,Igarapé-Miri,1.7750611023437957e-06,52,16689.0,unbounded_no_decay
specialized_justice,1503408,Inhangapi,1.7915932710623285e-06,27,4748.0,unbounded_no_decay
specialized_justice,1503457,Ipixuna do Pará,1.7915932710623285e-06,63,11531.0,unbounded_no_decay
specialized_justice,1503507,Irituia,1.7915932710623287e-06,80,12734.0,unbounded_no_decay
specialized_justice,1503606,Itaituba,5.622740348358497e-07,202,58684.0,unbounded_no_decay
specialized_justice,1503705,Itupiranga,1.791593271062329e-06,94,19975.0,unbounded_no_decay
specialized_justice,1503754,Jacareacanga,0.0,23,5495.0,unbounded_no_decay
specialized_justice,1503804,Jacundá,1.7549103621544184e-06,86,18315.0,unbounded_no_decay
specialized_justice,1503903,Juruti,0.0,50,17868.0,unbounded_no_decay
specialized_justice,1504000,Limoeiro do Ajuru,1.6636808910688626e-06,11,4370.0,unbounded_no_decay
specialized_justice,1504059,Mãe do Rio,1.7915932710623287e-06,46,17225.0,unbounded_no_decay
specialized_justice,1504109,Magalhães Barata,1.7915932710623287e-06,20,3887.0,unbounded_no_decay
specialized_justice,1504208,Marabá,1.7915932710623287e-06,474,127275.0,unbounded_no_decay
specialized_justice,1504307,Maracanã,1.718129608607438e-06,81,12462.0,unbounded_no_decay
specialized_justice,1504406,Marapanim,1.7718077499830554e-06,77,12496.0,unbounded_no_decay
specialized_justice,1504422,Marituba,1.7915932710623287e-06,218,53590.0,unbounded_no_decay
specialized_justice,1504455,Medicilândia,3.2295673348641488e-06,33,7996.0,unbounded_no_decay
specialized_justice,1504505,Melgaço,0.0,9,4937.0,unbounded_no_decay
specialized_justice,1504604,Mocajuba,1.7915932710623287e-06,36,11153.0,unbounded_no_decay
specialized_justice,1504703,Moju,1.7878581912755412e-06,134,28780.0,unbounded_no_decay
specialized_justice,1504752,Mojuí dos Campos,3.147747850947323e-06,37,9118.0,unbounded_no_decay
specialized_justice,1504802,Monte Alegre,0.0,95,25730.0,unbounded_no_decay
specialized_justice,1504901,Muaná,0.0,25,10409.0,unbounded_no_decay
specialized_justice,1504950,Nova Esperança do Piriá,1.7915932710623287e-06,32,8302.0,unbounded_no_decay
specialized_justice,1504976,Nova Ipixuna,1.7915932710623289e-06,25,5349.0,unbounded_no_decay
specialized_justice,1505007,Nova Timboteua,1.7915932710623289e-06,31,5955.0,unbounded_no_decay
specialized_justice,1505031,Novo Progresso,3.229567334864148e-06,57,15730.0,unbounded_no_decay
specialized_justice,1505064,Novo Repartimento,1.7915932710623287e-06,93,21996.0,unbounded_no_decay
specialized_justice,1505106,Óbidos,0.0,74,18742.0,unbounded_no_decay
specialized_justice,1505205,Oeiras do Pará,5.330889969772576e-07,50,10899.0,unbounded_no_decay
specialized_justice,1505304,Oriximiná,0.0,65,25385.0,unbounded_no_decay
specialized_justice,1505403,Ourém,1.791593271062329e-06,47,8650.0,unbounded_no_decay
specialized_justice,1505437,Ourilândia do Norte,1.7915932710623283e-06,62,15106.0,unbounded_no_decay
specialized_justice,1505486,Pacajá,1.7915932710623289e-06,64,14166.0,unbounded_no_decay
specialized_justice,1505494,Palestina do Pará,1.7915932710623285e-06,13,2963.0,unbounded_no_decay
specialized_justice,1505502,Paragominas,1.7915932710623285e-06,198,51977.0,unbounded_no_decay
specialized_justice,1505536,Parauapebas,1.7915932710623287e-06,444,132408.0,unbounded_no_decay
specialized_justice,1505551,Pau D'Arco,1.7915932710623285e-06,13,2610.0,unbounded_no_decay
specialized_justice,1505601,Peixe-Boi,1.791593271062329e-06,22,4059.0,unbounded_no_decay
specialized_justice,1505635,Piçarra,1.791593271062329e-06,28,4910.0,unbounded_no_decay
specialized_justice,1505650,Placas,3.2295673348641488e-06,31,5696.0,unbounded_no_decay
specialized_justice,1505700,Ponta de Pedras,0.0,25,8042.0,unbounded_no_decay
specialized_justice,1505809,Portel,1.228928008229176e-08,29,15599.0,unbounded_no_decay
specialized_justice,1505908,Porto de Moz,9.140284909992872e-10,24,10600.0,unbounded_no_decay
specialized_justice,1506005,Prainha,8.548090532343564e-08,49,12430.0,unbounded_no_decay
specialized_justice,1506104,Primavera,1.7915932710623285e-06,21,5030.0,unbounded_no_decay
specialized_justice,1506112,Quatipuru,1.791593271062329e-06,23,5675.0,unbounded_no_decay
specialized_justice,1506138,Redenção,1.776507326354702e-06,162,42397.0,unbounded_no_decay
specialized_justice,1506161,Rio Maria,1.7915932710623283e-06,31,8402.0,unbounded_no_decay
specialized_justice,1506187,Rondon do Pará,1.7915932710623287e-06,62,22229.0,unbounded_no_decay
specialized_justice,1506195,Rurópolis,3.229567334864148e-06,53,15024.0,unbounded_no_decay
specialized_justice,1506203,Salinópolis,1.7915932710623287e-06,73,21950.0,unbounded_no_decay
specialized_justice,1506302,Salvaterra,0.0,55,10910.0,unbounded_no_decay
specialized_justice,1506351,Santa Bárbara do Pará,1.7915932710623287e-06,44,10013.0,unbounded_no_decay
specialized_justice,1506401,Santa Cruz do Arari,1.7915932710623287e-06,8,2852.0,unbounded_no_decay
specialized_justice,1506500,Santa Izabel do Pará,1.7915932710623289e-06,115,32345.0,unbounded_no_decay
specialized_justice,1506559,Santa Luzia do Pará,1.7915932710623285e-06,46,8898.0,unbounded_no_decay
specialized_justice,1506583,Santa Maria das Barreiras,1.7915932710623287e-06,38,6519.0,unbounded_no_decay
specialized_justice,1506609,Santa Maria do Pará,1.743294829061386e-06,56,12204.0,unbounded_no_decay
specialized_justice,1506708,Santana do Araguaia,1.7915932710623287e-06,73,14754.0,unbounded_no_decay
specialized_justice,1506807,Santarém,2.953614487319625e-06,529,156731.0,unbounded_no_decay
specialized_justice,1506906,Santarém Novo,1.7915932710623287e-06,16,2457.0,unbounded_no_decay
specialized_justice,1507003,Santo Antônio do Tauá,1.7915932710623287e-06,55,13411.0,unbounded_no_decay
specialized_justice,1507102,São Caetano de Odivelas,1.7404570716844028e-06,42,7848.0,unbounded_no_decay
specialized_justice,1507151,São Domingos do Araguaia,1.7915932710623287e-06,33,9615.0,unbounded_no_decay
specialized_justice,1507201,São Domingos do Capim,1.791593271062329e-06,44,10381.0,unbounded_no_decay
specialized_justice,1507300,São Félix do Xingu,1.6776517604889637e-06,128,25504.0,unbounded_no_decay
specialized_justice,1507409,São Francisco do Pará,1.6739425608658394e-06,27,6944.0,unbounded_no_decay
specialized_justice,1507458,São Geraldo do Araguaia,1.7189854749704238e-06,47,10931.0,unbounded_no_decay
specialized_justice,1507466,São João da Ponta,1.61162812989115e-06,18,2001.0,unbounded_no_decay
specialized_justice,1507474,São João de Pirabas,1.7915932710623289e-06,36,8770.0,unbounded_no_decay
specialized_justice,1507508,São João do Araguaia,1.7915932710623285e-06,33,5932.0,unbounded_no_decay
specialized_justice,1507607,São Miguel do Guamá,1.7915932710623289e-06,100,25115.0,unbounded_no_decay
specialized_justice,1507706,São Sebastião da Boa Vista,0.0,16,5557.0,unbounded_no_decay
specialized_justice,1507755,Sapucaia,1.7915932710623287e-06,11,2879.0,unbounded_no_decay
specialized_justice,1507805,Senador José Porfírio,1.2919271598793157e-06,31,6913.0,unbounded_no_decay
specialized_justice,1507904,Soure,0.0,32,12072.0,unbounded_no_decay
specialized_justice,1507953,Tailândia,1.7915932710623287e-06,123,33966.0,unbounded_no_decay
specialized_justice,1507961,Terra Alta,1.7915932710623287e-06,23,4958.0,unbounded_no_decay
specialized_justice,1507979,Terra Santa,0.0,25,8173.0,unbounded_no_decay
specialized_justice,1508001,Tomé-Açu,1.7915932710623289e-06,117,30224.0,unbounded_no_decay
specialized_justice,1508035,Tracuateua,1.7915932710623285e-06,41,9773.0,unbounded_no_decay
specialized_justice,1508050,Trairão,3.2295673348641484e-06,31,6744.0,unbounded_no_decay
specialized_justice,1508084,Tucumã,1.7915932710623289e-06,69,18469.0,unbounded_no_decay
specialized_justice,1508100,Tucuruí,1.7915932710623289e-06,158,44448.0,unbounded_no_decay
specialized_justice,1508126,Ulianópolis,1.7915932710623287e-06,50,17003.0,unbounded_no_decay
specialized_justice,1508159,Uruará,3.229567334864148e-06,64,15110.0,unbounded_no_decay
specialized_justice,1508209,Vigia,1.7915932710623289e-06,100,24110.0,unbounded_no_decay
specialized_justice,1508308,Viseu,1.779286246412277e-06,113,24311.0,unbounded_no_decay
specialized_justice,1508357,Vitória do Xingu,3.229567334864148e-06,36,6678.0,unbounded_no_decay
specialized_justice,1508407,Xinguara,1.7915932710623285e-06,92,25086.0,unbounded_no_decay
specialized_security,1500107,Abaetetuba,5.733098467399452e-06,189,61390.0,unbounded_no_decay
specialized_security,1500131,Abel Figueiredo,5.733098467399453e-06,11,2904.0,unbounded_no_decay
specialized_security,1500206,Acará,5.7007674454488e-06,128,21279.0,unbounded_no_decay
specialized_security,1500347,Água Azul do Norte,5.733098467399451e-06,38,7078.0,unbounded_no_decay
specialized_security,1500404,Alenquer,0.0,64,24692.0,unbounded_no_decay
specialized_security,1500503,Almeirim,0.0,44,12803.0,unbounded_no_decay
specialized_security,1500602,Altamira,6.241997421669851e-06,254,57798.0,unbounded_no_decay
specialized_security,1500701,Anajás,0.0,11,6120.0,unbounded_no_decay
specialized_security,1500800,Ananindeua,5.733098467399453e-06,637,216395.0,unbounded_no_decay
specialized_security,1500859,Anapu,5.733098467399453e-06,42,11682.0,unbounded_no_decay
specialized_security,1500909,Augusto Corrêa,5.733098467399451e-06,85,19652.0,unbounded_no_decay
specialized_security,1500958,Aurora do Pará,5.733098467399452e-06,40,9167.0,unbounded_no_decay
specialized_security,1501006,Aveiro,4.0156170261679385e-06,24,4724.0,unbounded_no_decay
specialized_security,1501105,Bagre,5.692557995031277e-07,18,6788.0,unbounded_no_decay
specialized_security,1501204,Baião,5.733098467399453e-06,61,20104.0,unbounded_no_decay
specialized_security,1501253,Bannach,5.733098467399452e-06,11,1582.0,unbounded_no_decay
specialized_security,1501303,Barcarena,5.569628656011446e-06,238,57552.0,unbounded_no_decay
specialized_security,1501402,Belém,5.718038056104944e-06,1874,637628.0,unbounded_no_decay
specialized_security,1501451,Belterra,6.459134669728297e-06,43,7617.0,unbounded_no_decay
specialized_security,1501501,Benevides,5.733098467399451e-06,181,30532.0,unbounded_no_decay
specialized_security,1501576,Bom Jesus do Tocantins,5.733098467399451e-06,35,7433.0,unbounded_no_decay
specialized_security,1501600,Bonito,5.733098467399452e-06,26,5332.0,unbounded_no_decay
specialized_security,1501709,Bragança,5.642500086237498e-06,195,55750.0,unbounded_no_decay
specialized_security,1501725,Brasil Novo,6.459134669728297e-06,37,8590.0,unbounded_no_decay
specialized_security,1501758,Brejo Grande do Araguaia,5.733098467399452e-06,17,2980.0,unbounded_no_decay
specialized_security,1501782,Breu Branco,5.733098467399453e-06,79,20704.0,unbounded_no_decay
specialized_security,1501808,Breves,3.461764807698965e-05,64,28887.0,unbounded_no_decay
specialized_security,1501907,Bujaru,5.733098467399452e-06,39,7707.0,unbounded_no_decay
specialized_security,1501956,Cachoeira do Piriá,5.733098467399452e-06,46,8304.0,unbounded_no_decay
specialized_security,1502004,Cachoeira do Arari,0.0,26,7539.0,unbounded_no_decay
specialized_security,1502103,Cametá,5.505413750819291e-06,139,42529.0,unbounded_no_decay
specialized_security,1502152,Canaã dos Carajás,5.733098467399451e-06,108,36539.0,unbounded_no_decay
specialized_security,1502202,Capanema,5.733098467399453e-06,118,35064.0,unbounded_no_decay
specialized_security,1502301,Capitão Poço,5.733098467399452e-06,132,25741.0,unbounded_no_decay
specialized_security,1502400,Castanhal,5.733098467399451e-06,340,97495.0,unbounded_no_decay
specialized_security,1502509,Chaves,0.0,4,2317.0,unbounded_no_decay
specialized_security,1502608,Colares,5.733098467399453e-06,33,6118.0,unbounded_no_decay
specialized_security,1502707,Conceição do Araguaia,5.733098467399454e-06,79,20299.0,unbounded_no_decay
specialized_security,1502756,Concórdia do Pará,5.733098467399452e-06,66,12238.0,unbounded_no_decay
specialized_security,1502764,Cumaru do Norte,5.733098467399453e-06,20,4478.0,unbounded_no_decay
specialized_security,1502772,Curionópolis,5.733098467399452e-06,49,9754.0,unbounded_no_decay
specialized_security,1502806,Curralinho,0.0,12,6588.0,unbounded_no_decay
specialized_security,1502855,Curuá,0.0,27,4836.0,unbounded_no_decay
specialized_security,1502905,Curuçá,5.4323882988554435e-06,87,19885.0,unbounded_no_decay
specialized_security,1502939,Dom Eliseu,5.733098467399452e-06,69,29239.0,unbounded_no_decay
specialized_security,1502954,Eldorado do Carajás,5.733098467399452e-06,55,12850.0,unbounded_no_decay
specialized_security,1503002,Faro,0.0,21,3965.0,unbounded_no_decay
specialized_security,1503044,Floresta do Araguaia,5.733098467399451e-06,31,7174.0,unbounded_no_decay
specialized_security,1503077,Garrafão do Norte,5.684849881388784e-06,52,10813.0,unbounded_no_decay
specialized_security,1503093,Goianésia do Pará,5.733098467399451e-06,50,11198.0,unbounded_no_decay
specialized_security,1503101,Gurupá,0.0,14,6475.0,unbounded_no_decay
specialized_security,1503200,Igarapé-Açu,5.733098467399453e-06,61,16638.0,unbounded_no_decay
specialized_security,1503309,Igarapé-Miri,5.6801955275001465e-06,52,16689.0,unbounded_no_decay
specialized_security,1503408,Inhangapi,5.733098467399452e-06,27,4748.0,unbounded_no_decay
specialized_security,1503457,Ipixuna do Pará,5.733098467399452e-06,63,11531.0,unbounded_no_decay
specialized_security,1503507,Irituia,5.733098467399453e-06,80,12734.0,unbounded_no_decay
specialized_security,1503606,Itaituba,1.1211688122226035e-05,202,58684.0,unbounded_no_decay
specialized_security,1503705,Itupiranga,5.733098467399452e-06,94,19975.0,unbounded_no_decay
specialized_security,1503754,Jacareacanga,1.1670245377810363e-05,23,5495.0,unbounded_no_decay
specialized_security,1503804,Jacundá,5.61571315889414e-06,86,18315.0,unbounded_no_decay
specialized_security,1503903,Juruti,1.2782066959475998e-05,50,17868.0,unbounded_no_decay
specialized_security,1504000,Limoeiro do Ajuru,5.323778851420361e-06,11,4370.0,unbounded_no_decay
specialized_security,1504059,Mãe do Rio,5.733098467399452e-06,46,17225.0,unbounded_no_decay
specialized_security,1504109,Magalhães Barata,5.733098467399452e-06,20,3887.0,unbounded_no_decay
specialized_security,1504208,Marabá,5.733098467399452e-06,474,127275.0,unbounded_no_decay
specialized_security,1504307,Maracanã,5.498014747543801e-06,81,12462.0,unbounded_no_decay
specialized_security,1504406,Marapanim,5.669784799945777e-06,77,12496.0,unbounded_no_decay
specialized_security,1504422,Marituba,5.733098467399453e-06,218,53590.0,unbounded_no_decay
specialized_security,1504455,Medicilândia,6.4591346697282976e-06,33,7996.0,unbounded_no_decay
specialized_security,1504505,Melgaço,0.0,9,4937.0,unbounded_no_decay
specialized_security,1504604,Mocajuba,5.733098467399451e-06,36,11153.0,unbounded_no_decay
specialized_security,1504703,Moju,5.721146212081732e-06,134,28780.0,unbounded_no_decay
specialized_security,1504752,Mojuí dos Campos,6.295495701894646e-06,37,9118.0,unbounded_no_decay
specialized_security,1504802,Monte Alegre,0.0,95,25730.0,unbounded_no_decay
specialized_security,1504901,Muaná,0.0,25,10409.0,unbounded_no_decay
specialized_security,1504950,Nova Esperança do Piriá,5.733098467399452e-06,32,8302.0,unbounded_no_decay
specialized_security,1504976,Nova Ipixuna,5.733098467399451e-06,25,5349.0,unbounded_no_decay
specialized_security,1505007,Nova Timboteua,5.733098467399452e-06,31,5955.0,unbounded_no_decay
specialized_security,1505031,Novo Progresso,6.459134669728296e-06,57,15730.0,unbounded_no_decay
specialized_security,1505064,Novo Repartimento,5.733098467399453e-06,93,21996.0,unbounded_no_decay
specialized_security,1505106,Óbidos,0.0,74,18742.0,unbounded_no_decay
specialized_security,1505205,Oeiras do Pará,1.7058847903272249e-06,50,10899.0,unbounded_no_decay
specialized_security,1505304,Oriximiná,0.0,65,25385.0,unbounded_no_decay
specialized_security,1505403,Ourém,5.733098467399452e-06,47,8650.0,unbounded_no_decay
specialized_security,1505437,Ourilândia do Norte,5.733098467399451e-06,62,15106.0,unbounded_no_decay
specialized_security,1505486,Pacajá,5.733098467399453e-06,64,14166.0,unbounded_no_decay
specialized_security,1505494,Palestina do Pará,5.733098467399452e-06,13,2963.0,unbounded_no_decay
specialized_security,1505502,Paragominas,5.733098467399453e-06,198,51977.0,unbounded_no_decay
specialized_security,1505536,Parauapebas,5.733098467399452e-06,444,132408.0,unbounded_no_decay
specialized_security,1505551,Pau D'Arco,5.733098467399451e-06,13,2610.0,unbounded_no_decay
specialized_security,1505601,Peixe-Boi,5.733098467399452e-06,22,4059.0,unbounded_no_decay
specialized_security,1505635,Piçarra,5.733098467399453e-06,28,4910.0,unbounded_no_decay
specialized_security,1505650,Placas,6.4591346697282976e-06,31,5696.0,unbounded_no_decay
specialized_security,1505700,Ponta de Pedras,0.0,25,8042.0,unbounded_no_decay
specialized_security,1505809,Portel,3.932569626333363e-08,29,15599.0,unbounded_no_decay
specialized_security,1505908,Porto de Moz,1.8280569819985744e-09,24,10600.0,unbounded_no_decay
specialized_security,1506005,Prainha,1.7096181064687127e-07,49,12430.0,unbounded_no_decay
specialized_security,1506104,Primavera,5.733098467399453e-06,21,5030.0,unbounded_no_decay
specialized_security,1506112,Quatipuru,5.733098467399452e-06,23,5675.0,unbounded_no_decay
specialized_security,1506138,Redenção,5.6848234443350465e-06,162,42397.0,unbounded_no_decay
specialized_security,1506161,Rio Maria,5.733098467399453e-06,31,8402.0,unbounded_no_decay
specialized_security,1506187,Rondon do Pará,5.733098467399452e-06,62,22229.0,unbounded_no_decay
specialized_security,1506195,Rurópolis,6.459134669728296e-06,53,15024.0,unbounded_no_decay
specialized_security,1506203,Salinópolis,5.733098467399451e-06,73,21950.0,unbounded_no_decay
specialized_security,1506302,Salvaterra,0.0,55,10910.0,unbounded_no_decay
specialized_security,1506351,Santa Bárbara do Pará,5.733098467399452e-06,44,10013.0,unbounded_no_decay
specialized_security,1506401,Santa Cruz do Arari,5.733098467399453e-06,8,2852.0,unbounded_no_decay
specialized_security,1506500,Santa Izabel do Pará,5.733098467399451e-06,115,32345.0,unbounded_no_decay
specialized_security,1506559,Santa Luzia do Pará,5.733098467399451e-06,46,8898.0,unbounded_no_decay
specialized_security,1506583,Santa Maria das Barreiras,5.733098467399452e-06,38,6519.0,unbounded_no_decay
specialized_security,1506609,Santa Maria do Pará,5.578543452996436e-06,56,12204.0,unbounded_no_decay
specialized_security,1506708,Santana do Araguaia,5.733098467399452e-06,73,14754.0,unbounded_no_decay
specialized_security,1506807,Santarém,6.5984769675626895e-06,529,156731.0,unbounded_no_decay
specialized_security,1506906,Santarém Novo,5.733098467399453e-06,16,2457.0,unbounded_no_decay
specialized_security,1507003,Santo Antônio do Tauá,5.733098467399453e-06,55,13411.0,unbounded_no_decay
specialized_security,1507102,São Caetano de Odivelas,5.569462629390089e-06,42,7848.0,unbounded_no_decay
specialized_security,1507151,São Domingos do Araguaia,5.733098467399453e-06,33,9615.0,unbounded_no_decay
specialized_security,1507201,São Domingos do Capim,5.733098467399452e-06,44,10381.0,unbounded_no_decay
specialized_security,1507300,São Félix do Xingu,5.368485633564685e-06,128,25504.0,unbounded_no_decay
specialized_security,1507409,São Francisco do Pará,5.356616194770686e-06,27,6944.0,unbounded_no_decay
specialized_security,1507458,São Geraldo do Araguaia,5.500753519905356e-06,47,10931.0,unbounded_no_decay
specialized_security,1507466,São João da Ponta,5.157210015651681e-06,18,2001.0,unbounded_no_decay
specialized_security,1507474,São João de Pirabas,5.733098467399451e-06,36,8770.0,unbounded_no_decay
specialized_security,1507508,São João do Araguaia,5.733098467399452e-06,33,5932.0,unbounded_no_decay
specialized_security,1507607,São Miguel do Guamá,5.733098467399451e-06,100,25115.0,unbounded_no_decay
specialized_security,1507706,São Sebastião da Boa Vista,0.0,16,5557.0,unbounded_no_decay
specialized_security,1507755,Sapucaia,5.733098467399452e-06,11,2879.0,unbounded_no_decay
specialized_security,1507805,Senador José Porfírio,4.13416691161381e-06,31,6913.0,unbounded_no_decay
specialized_security,1507904,Soure,8.28363154406892e-05,32,12072.0,unbounded_no_decay
specialized_security,1507953,Tailândia,5.733098467399452e-06,123,33966.0,unbounded_no_decay
specialized_security,1507961,Terra Alta,5.733098467399452e-06,23,4958.0,unbounded_no_decay
specialized_security,1507979,Terra Santa,0.0,25,8173.0,unbounded_no_decay
specialized_security,1508001,Tomé-Açu,5.733098467399452e-06,117,30224.0,unbounded_no_decay
specialized_security,1508035,Tracuateua,5.733098467399453e-06,41,9773.0,unbounded_no_decay
specialized_security,1508050,Trairão,6.459134669728297e-06,31,6744.0,unbounded_no_decay
specialized_security,1508084,Tucumã,5.73309846739945e-06,69,18469.0,unbounded_no_decay
specialized_security,1508100,Tucuruí,5.733098467399452e-06,158,44448.0,unbounded_no_decay
specialized_security,1508126,Ulianópolis,5.733098467399453e-06,50,17003.0,unbounded_no_decay
specialized_security,1508159,Uruará,6.459134669728296e-06,64,15110.0,unbounded_no_decay
specialized_security,1508209,Vigia,5.733098467399452e-06,100,24110.0,unbounded_no_decay
specialized_security,1508308,Viseu,5.6937159885192865e-06,113,24311.0,unbounded_no_decay
specialized_security,1508357,Vitória do Xingu,6.459134669728296e-06,36,6678.0,unbounded_no_decay
specialized_security,1508407,Xinguara,5.733098467399453e-06,92,25086.0,unbounded_no_decay
